player,position,xT_total,actions,apps,xT_perAction,minutes,goals,xg,np_goals,np_xg,assists,xa,shots,key_passes,yellow_cards,red_cards,xg_chain,xg_buildup,team,league,league_id,season,season_id,team_id,player_id,matches
Jeremy Doku,D M S,11.86658162999997,217,29,0.054684707972350095,1616.0,3.0,3.76985201984644,3.0,3.76985201984644,8.0,5.476052410900593,56.0,45.0,3.0,0.0,14.622362297028303,7.702265929430723,Manchester City,ENG-Premier League,1.0,2324,2023.0,88.0,8981.0,29.0
Michail Antonio,F S,3.1460518199999905,70,25,0.04494359742857129,1775.0,6.0,6.025665767490864,6.0,6.025665767490864,2.0,1.559285182505846,30.0,9.0,6.0,0.0,8.23398894816637,2.5248712673783302,West Ham,ENG-Premier League,1.0,2324,2023.0,81.0,531.0,26.0
Eddie Nketiah,F S,2.056991599999996,46,23,0.044717208695652086,1036.0,5.0,5.057408779859543,5.0,5.057408779859543,2.0,1.209644090384245,38.0,9.0,3.0,0.0,5.851144388318062,0.9911122377961874,Arsenal,ENG-Premier League,1.0,2324,2023.0,83.0,6482.0,27.0
Cameron Archer,F M S,4.043789109999988,95,28,0.04256620115789461,1870.0,4.0,5.785084556788206,4.0,5.785084556788206,1.0,2.983854740858078,41.0,24.0,2.0,0.0,9.17532782163471,1.594775709323585,Aston Villa,ENG-Premier League,1.0,2324,2023.0,71.0,9912.0,30.0
Adama Traore,M S,5.004570029999986,118,27,0.04241161042372869,310.0,2.0,1.4920614697039127,2.0,1.4920614697039127,3.0,0.7020887192338705,11.0,7.0,2.0,0.0,1.841224255040288,0.1951187644153833,Fulham,ENG-Premier League,1.0,2324,2023.0,228.0,900.0,17.0
Elijah Adebayo,F M S,2.5330213799999926,60,26,0.042217022999999874,1422.0,10.0,6.630781220272183,10.0,6.630781220272183,0.0,0.8136616554111242,31.0,14.0,1.0,0.0,8.281278105452657,1.9411640595644712,Luton,ENG-Premier League,1.0,2324,2023.0,256.0,11718.0,27.0
Erling Haaland,F S,3.5749673699999924,85,31,0.042058439647058736,2581.0,27.0,31.65399668365717,20.0,25.56464628130197,5.0,4.7517555598169565,122.0,29.0,1.0,0.0,30.19725350290537,3.128645434975624,Manchester City,ENG-Premier League,1.0,2324,2023.0,88.0,8260.0,31.0
Jamie Vardy,,8.005010319999982,192,69,0.041692762083333244,,,,,,,,,,,,,,,,,2324,,,,
Ollie Watkins,F,6.374240819999986,153,37,0.041661704705882256,3250.0,19.0,19.26459836959839,19.0,19.26459836959839,13.0,7.745744535699487,106.0,45.0,4.0,0.0,29.22941774129868,5.899641819298267,Aston Villa,ENG-Premier League,1.0,2324,2023.0,71.0,8865.0,37.0
Darwin Nunez,F S,5.915892649999986,144,35,0.04108258784722212,2037.0,11.0,19.187851031310856,11.0,18.42668213415891,8.0,5.950456521473825,108.0,33.0,9.0,0.0,25.07862750068307,5.313199203461409,Liverpool,ENG-Premier League,1.0,2324,2023.0,87.0,10720.0,36.0
Shane Long,,3.028628089999993,74,31,0.04092740662162153,,,,,,,,,,,,,,,,,2324,,,,
Alexander Isak,F S,6.095860549999987,149,30,0.040911815771811993,2305.0,21.0,22.07426631450653,16.0,17.507253035902977,2.0,3.652040131390095,78.0,27.0,1.0,0.0,24.041151970624924,5.754798140376806,Newcastle,ENG-Premier League,1.0,2324,2023.0,86.0,5232.0,30.0
Dominic Calvert-Lewin,F S,3.954076169999991,99,32,0.039940163333333244,2234.0,7.0,13.627293583005669,5.0,12.104955926537514,2.0,3.068425781559199,73.0,19.0,2.0,0.0,11.614983171224594,1.8352613244205715,Everton,ENG-Premier League,1.0,2324,2023.0,72.0,5555.0,32.0
Dominic Solanke,F S,9.428057759999977,243,53,0.038798591604938176,3346.0,19.0,21.40683087334037,17.0,19.12332433462143,3.0,3.5437498800456524,109.0,39.0,3.0,0.0,22.5880119279027,4.080137750133872,Bournemouth,ENG-Premier League,1.0,2324,2023.0,73.0,1679.0,38.0
Raheem Sterling,F M S,8.541694829999976,225,31,0.037963088133333225,1987.0,8.0,8.573790527880192,8.0,8.573790527880192,4.0,4.971372967585921,51.0,30.0,7.0,0.0,19.289956534281373,8.898095147684216,Chelsea,ENG-Premier League,1.0,2324,2023.0,80.0,618.0,31.0
Alejandro Garnacho,M S,8.497083539999972,225,36,0.03776481573333321,2601.0,7.0,9.865097627043724,7.0,9.865097627043724,4.0,5.915270071476698,100.0,46.0,4.0,0.0,18.36983707919717,5.970016654580832,Manchester United,ENG-Premier League,1.0,2324,2023.0,89.0,10552.0,36.0
Callum Wilson,F S,4.819621629999986,128,51,0.03765329398437489,963.0,9.0,10.12450959533453,7.0,8.602172024548054,1.0,0.9339367430657148,35.0,8.0,3.0,0.0,10.547705547884108,1.8611295819282527,Newcastle,ENG-Premier League,1.0,2324,2023.0,86.0,468.0,20.0
Moussa Diaby,F M S,6.823951759999985,182,38,0.03749424043956036,2233.0,6.0,6.457844961434603,6.0,6.457844961434603,8.0,8.6211255826056,54.0,46.0,1.0,0.0,17.952719137072563,6.211081475019455,Aston Villa,ENG-Premier League,1.0,2324,2023.0,71.0,6556.0,38.0
Andre Gray,,2.6872835699999933,72,36,0.03732338291666657,,,,,,,,,,,,,,,,,2324,,,,
Diogo Jota,F S,4.21297896999999,115,21,0.03663459973913035,1164.0,10.0,6.724682793021202,10.0,6.724682793021202,3.0,3.19649357162416,41.0,23.0,1.0,1.0,12.289753511548042,5.313873592764139,Liverpool,ENG-Premier League,1.0,2324,2023.0,87.0,6854.0,21.0
Jermain Defoe,,2.994541639999994,82,24,0.0365188004878048,,,,,,,,,,,,,,,,,2324,,,,
Patrick Bamford,,2.3687244999999946,66,23,0.03588976515151507,,,,,,,,,,,,,,,,,2324,,,,
Brennan Johnson,F M S,9.231484309999978,261,45,0.03536967168582367,2350.0,5.0,12.170278270728886,5.0,12.170278270728886,10.0,7.638319082558155,53.0,46.0,3.0,0.0,21.61685962975025,3.084777120500803,Nottingham Forest,ENG-Premier League,1.0,2324,2023.0,249.0,10760.0,35.0
Justin Kluivert,M S,5.335732899999984,154,32,0.03464761623376613,2029.0,7.0,7.296913180500269,7.0,7.296913180500269,1.0,1.6692864689975977,56.0,21.0,5.0,0.0,11.757105719298124,4.571535241790116,Bournemouth,ENG-Premier League,1.0,2324,2023.0,73.0,6963.0,32.0
Leon Bailey,F M S,8.807727779999977,257,35,0.03427131431906606,2112.0,10.0,6.4655649326741695,10.0,6.4655649326741695,9.0,10.29915790259838,53.0,51.0,5.0,0.0,17.98974223807454,6.671372391283512,Aston Villa,ENG-Premier League,1.0,2324,2023.0,71.0,5221.0,35.0
Bryan Mbeumo,F S,6.986016149999982,209,25,0.033425914593301354,1954.0,9.0,9.158370908349752,6.0,6.874864336103201,6.0,5.14017678797245,53.0,32.0,2.0,0.0,15.155989956110716,6.123919734731317,Brentford,ENG-Premier League,1.0,2324,2023.0,244.0,6552.0,25.0
Gabriel Jesus,F S,4.696712019999987,141,26,0.03331001432624105,1496.0,4.0,7.291733928024769,4.0,7.291733928024769,5.0,4.235467437654734,55.0,28.0,6.0,0.0,15.054804097861052,5.210432682186365,Arsenal,ENG-Premier League,1.0,2324,2023.0,83.0,5543.0,27.0
Mohamed Salah,F S,10.918009579999971,335,32,0.032591073373134244,2556.0,18.0,21.94127439334989,13.0,16.613166783005,10.0,12.332044444978235,114.0,66.0,2.0,0.0,31.87509580329061,8.363566914573312,Liverpool,ENG-Premier League,1.0,2324,2023.0,87.0,1250.0,32.0
Gabriel Martinelli,F S,8.173026829999975,253,35,0.032304453873517686,2056.0,6.0,7.119670176878572,6.0,7.119670176878572,4.0,5.322934284806252,58.0,46.0,1.0,0.0,16.80896869674325,6.638341135345399,Arsenal,ENG-Premier League,1.0,2324,2023.0,83.0,7752.0,35.0
Marcus Rashford,F M S,7.017270479999979,220,32,0.031896683999999904,2292.0,7.0,7.661536030471325,5.0,6.13919834792614,2.0,2.390108224004507,62.0,24.0,2.0,0.0,12.686340739950538,4.950286580249667,Manchester United,ENG-Premier League,1.0,2324,2023.0,89.0,556.0,33.0
Chiedozie Ogbene,D F M S,10.47985285999997,330,30,0.03175712987878779,1984.0,4.0,4.80650751106441,4.0,4.80650751106441,1.0,3.4691168274730444,35.0,27.0,1.0,0.0,10.154046710580587,3.82931049913168,Luton,ENG-Premier League,1.0,2324,2023.0,256.0,11719.0,30.0
Hwang Hee-Chan,,3.946057199999989,125,29,0.03156845759999991,,,,,,,,,,,,,,,,,2324,,,,
Nicolas Jackson,F M S,6.512620329999981,208,35,0.03131067466346145,2818.0,14.0,19.860593939200044,14.0,19.860593939200044,5.0,5.2836981769651175,80.0,36.0,10.0,0.0,27.91725537180901,7.270463835448027,Chelsea,ENG-Premier League,1.0,2324,2023.0,80.0,10048.0,35.0
Mohammed Kudus,F M S,7.6437141499999735,245,33,0.031198833265306015,2490.0,8.0,5.177267018705607,8.0,5.177267018705607,6.0,3.5089522134512663,66.0,28.0,6.0,0.0,11.516938520595431,4.337017804384232,West Ham,ENG-Premier League,1.0,2324,2023.0,81.0,12027.0,33.0
Harvey Barnes,F M S,10.214032349999972,328,54,0.031140342530487718,738.0,5.0,3.467865003272891,5.0,3.467865003272891,3.0,4.21071451343596,27.0,13.0,3.0,0.0,9.07958210259676,2.550239199772477,Newcastle,ENG-Premier League,1.0,2324,2023.0,86.0,6681.0,21.0
Anthony Elanga,F M S,8.920708889999974,287,36,0.031082609372822208,2430.0,5.0,6.7731207851320505,5.0,6.7731207851320505,9.0,7.090984374284744,54.0,33.0,1.0,0.0,17.626320507377386,5.61586544662714,Nottingham Forest,ENG-Premier League,1.0,2324,2023.0,249.0,9524.0,36.0
Wilson Odobert,F M S,7.602497979999975,246,29,0.030904463333333233,2150.0,3.0,2.5438556540757418,3.0,2.5438556540757418,2.0,4.427815416827798,49.0,31.0,3.0,0.0,10.004786113277078,4.203309727832675,Burnley,ENG-Premier League,1.0,2324,2023.0,92.0,10822.0,29.0
Richarlison,F M S,5.586115069999984,182,40,0.030692939945054856,1511.0,11.0,9.619059151038527,11.0,9.619059151038527,4.0,1.9676255472004411,61.0,15.0,3.0,0.0,12.735109627246857,2.2886698860675097,Tottenham,ENG-Premier League,1.0,2324,2023.0,82.0,6026.0,28.0
Keane Lewis-Potter,D F S,3.6404807899999905,121,29,0.030086618099173474,1432.0,3.0,8.581757307052612,3.0,8.581757307052612,1.0,1.6146608591079712,43.0,13.0,0.0,0.0,9.344955435022712,1.25881989300251,Brentford,ENG-Premier League,1.0,2324,2023.0,244.0,10809.0,30.0
Simon Adingra,D F M S,6.912748499999977,231,31,0.029925318181818084,2256.0,6.0,5.096701676025987,6.0,5.096701676025987,1.0,3.30205356515944,52.0,33.0,3.0,0.0,13.104233894497156,6.308099476620555,Brighton,ENG-Premier League,1.0,2324,2023.0,220.0,11710.0,31.0
Rodrigo Muniz,F S,2.153023099999996,72,23,0.029903098611111054,1602.0,9.0,8.481916300952435,9.0,8.481916300952435,1.0,1.3883774541318417,72.0,16.0,1.0,0.0,9.755544383078814,2.1016076635569334,Fulham,ENG-Premier League,1.0,2324,2023.0,228.0,10717.0,26.0
Mykhailo Mudryk,F M S,5.680054059999982,190,30,0.029895021368420958,1563.0,5.0,5.111277528107166,5.0,5.111277528107166,2.0,3.8853818774223328,35.0,32.0,5.0,0.0,10.99068268481642,4.357236756011844,Chelsea,ENG-Premier League,1.0,2324,2023.0,80.0,11305.0,31.0
Bukayo Saka,F,13.19256284999996,444,35,0.029712979391891804,2990.0,16.0,16.807056225836277,10.0,12.240043208003044,8.0,11.325986489653587,107.0,89.0,4.0,0.0,30.35759701579809,13.228619534522297,Arsenal,ENG-Premier League,1.0,2324,2023.0,83.0,7322.0,35.0
Antoine Semenyo,M S,7.406437389999976,250,35,0.029625749559999904,2141.0,8.0,6.423830641433597,8.0,6.423830641433597,2.0,3.799709178507328,70.0,29.0,7.0,0.0,15.41077795997262,5.712709335610271,Bournemouth,ENG-Premier League,1.0,2324,2023.0,73.0,11363.0,33.0
Pedro Neto,F M S,5.878607729999979,200,20,0.029393038649999897,1524.0,2.0,3.287029344588518,2.0,3.287029344588518,9.0,5.216042526066303,36.0,37.0,4.0,0.0,8.703318819403648,2.2079212702810764,Wolves,ENG-Premier League,1.0,2324,2023.0,229.0,6382.0,20.0
Luis Sinisterra,M S,6.039516279999982,208,27,0.029036135961538374,670.0,2.0,2.296443399041891,2.0,2.296443399041891,2.0,2.3218660429120064,27.0,19.0,0.0,0.0,4.859211741015315,2.420190142467618,Bournemouth,ENG-Premier League,1.0,2324,2023.0,73.0,10866.0,20.0
Son Heung-Min,F M S,10.42106983999997,361,35,0.028867229473684124,2989.0,17.0,12.978620901703836,15.0,11.45628322660923,10.0,13.341020658612251,85.0,69.0,1.0,0.0,30.115575216710567,10.445971379056571,Tottenham,ENG-Premier League,1.0,2324,2023.0,82.0,453.0,35.0
Joao Pedro,F M S,9.169157949999976,318,40,0.028833830031446465,2026.0,9.0,11.918903339654207,5.0,8.113133335486054,3.0,5.4223863165825605,75.0,37.0,2.0,0.0,17.548418318852782,7.590120053850114,Brighton,ENG-Premier League,1.0,2324,2023.0,220.0,8272.0,31.0
Jarrod Bowen,F M,5.605550229999982,198,36,0.028310859747474656,3026.0,16.0,13.498636420816185,16.0,13.498636420816185,6.0,6.437707958742976,85.0,32.0,2.0,0.0,17.76942592486739,2.457054629921913,West Ham,ENG-Premier League,1.0,2324,2023.0,81.0,1776.0,34.0
Jean-Philippe Mateta,F S,2.6831018299999907,96,35,0.027948977395833238,2303.0,16.0,12.290523625910282,14.0,10.768185935914516,5.0,3.52706278860569,46.0,32.0,3.0,0.0,15.486321330070496,2.852151058614254,Crystal Palace,ENG-Premier League,1.0,2324,2023.0,78.0,5735.0,35.0
Joshua King,,8.388364879999969,304,51,0.027593305526315687,,,,,,,,,,,,,,,,,2324,,,,
Dejan Kulusevski,F M S,11.631965209999965,425,36,0.02736932990588227,2787.0,8.0,5.835474932566285,8.0,5.835474932566285,3.0,8.615606566891074,57.0,65.0,7.0,0.0,23.71713701635599,12.507268408313394,Tottenham,ENG-Premier League,1.0,2324,2023.0,82.0,6691.0,36.0
Eberechi Eze,F M S,6.878811159999981,252,26,0.027296869682539606,2097.0,11.0,9.37310928851366,10.0,8.611940443515778,4.0,6.844833366572857,83.0,54.0,3.0,0.0,16.38165108114481,6.3479389026761055,Crystal Palace,ENG-Premier League,1.0,2324,2023.0,78.0,8706.0,27.0
Nathan Redmond,S,16.17037957999995,604,69,0.026772151622516473,100.0,0.0,0.0,0.0,0.0,0.0,0.2518436722457409,0.0,4.0,1.0,0.0,0.9050039984285831,0.8224344961345196,Burnley,ENG-Premier League,1.0,2324,2023.0,92.0,790.0,12.0
Noni Madueke,M S,4.645588119999983,174,22,0.02669878229885048,1066.0,5.0,3.003602419048548,4.0,2.242433581501245,2.0,2.160680465400219,32.0,20.0,2.0,0.0,7.7808678727597,4.740718839690089,Chelsea,ENG-Premier League,1.0,2324,2023.0,80.0,11357.0,23.0
Anthony Gordon,F M S,9.377248969999966,357,35,0.026266803837534918,2956.0,11.0,11.293779235333204,10.0,10.53261036798358,10.0,8.833045985549688,81.0,56.0,10.0,1.0,26.570194900035855,11.442161984741688,Newcastle,ENG-Premier League,1.0,2324,2023.0,86.0,8150.0,35.0
Jacob Murphy,D F M S,4.560767129999988,177,20,0.02576704593220332,1216.0,3.0,2.8978680092841387,3.0,2.8978680092841387,7.0,5.225788880139589,30.0,31.0,1.0,0.0,11.551701165735722,4.93473332002759,Newcastle,ENG-Premier League,1.0,2324,2023.0,86.0,6063.0,21.0
Luis Diaz,F S,10.192606039999966,398,37,0.025609562914572778,2706.0,8.0,12.864595355466008,8.0,12.864595355466008,5.0,6.482230054214597,94.0,64.0,3.0,0.0,24.42669267952442,10.309036564081907,Liverpool,ENG-Premier League,1.0,2324,2023.0,87.0,10408.0,37.0
Armando Broja,F S,1.3024563499999946,51,27,0.025538359803921464,500.0,1.0,2.489345548674464,1.0,2.489345548674464,1.0,0.7393966801464558,13.0,4.0,0.0,0.0,4.233474781736732,1.649859182536602,Chelsea,ENG-Premier League,1.0,2324,2023.0,80.0,8384.0,21.0
Harry Wilson,F M S,6.451265849999981,253,42,0.025499074505928778,1576.0,4.0,2.819539733231068,4.0,2.819539733231068,6.0,3.1505596097558737,39.0,22.0,6.0,0.0,7.545763581991196,3.50857000797987,Fulham,ENG-Premier League,1.0,2324,2023.0,228.0,5596.0,35.0
Neal Maupay,F S,2.7512720399999924,108,29,0.02547474111111104,1381.0,6.0,7.23018298856914,6.0,7.23018298856914,3.0,2.382636667229235,42.0,16.0,8.0,0.0,11.593444548547268,3.028178656473756,Brentford,ENG-Premier League,1.0,2324,2023.0,244.0,3621.0,31.0
Rasmus Hojlund,F S,2.58032553999999,103,30,0.025051704271844562,2210.0,10.0,9.338883213698864,10.0,9.338883213698864,2.0,1.779460173100233,38.0,28.0,2.0,0.0,11.463255237787962,2.9498381465673447,Manchester United,ENG-Premier League,1.0,2324,2023.0,89.0,11055.0,30.0
Callum Hudson-Odoi,F M S,6.432012549999974,257,29,0.025027286186770328,1844.0,8.0,3.01959465444088,8.0,3.01959465444088,1.0,3.0873287972062826,38.0,36.0,0.0,0.0,12.357455093413591,6.948451370000839,Nottingham Forest,ENG-Premier League,1.0,2324,2023.0,249.0,6456.0,29.0
Taiwo Awoniyi,F S,1.5263198399999944,61,23,0.025021636721311385,1066.0,6.0,5.060870740562677,6.0,5.060870740562677,3.0,1.6294344998896122,22.0,10.0,2.0,0.0,6.060688458383083,1.5500111253932118,Nottingham Forest,ENG-Premier League,1.0,2324,2023.0,249.0,7814.0,20.0
Willian,F M S,14.991014399999955,603,40,0.024860720398009874,2080.0,4.0,5.017656198702753,2.0,3.495318523608148,2.0,4.14518438372761,45.0,45.0,1.0,0.0,13.592191327363253,9.297335214912891,Fulham,ENG-Premier League,1.0,2324,2023.0,228.0,700.0,31.0
Lyle Foster,F M S,4.1513677399999835,167,24,0.024858489461077746,1938.0,5.0,5.608147136867046,5.0,5.608147136867046,3.0,1.4990256652235985,34.0,19.0,0.0,1.0,8.676230592653155,2.611631980165839,Burnley,ENG-Premier League,1.0,2324,2023.0,92.0,7498.0,24.0
Odsonne Edouard,F M S,2.6079078699999907,107,27,0.024372970747663463,1534.0,7.0,7.869511350989342,7.0,7.869511350989342,0.0,1.0359194399788976,51.0,18.0,4.0,0.0,8.31682275235653,2.1359799914062023,Crystal Palace,ENG-Premier League,1.0,2324,2023.0,78.0,3697.0,30.0
Kelechi Iheanacho,,2.7458900299999898,113,30,0.024299911769911413,,,,,,,,,,,,,,,,,2324,,,,
Andros Townsend,F M S,4.763926639999987,201,25,0.02370112756218899,1211.0,1.0,1.4216714538633823,1.0,1.4216714538633823,3.0,1.456837410107255,20.0,18.0,1.0,0.0,2.8022335171699524,1.2012790031731129,Luton,ENG-Premier League,1.0,2324,2023.0,256.0,775.0,27.0
Marcus Tavernier,F M S,10.913571849999963,461,38,0.023673691648589942,2163.0,3.0,4.385046798735857,3.0,4.385046798735857,4.0,6.264871651306748,53.0,44.0,3.0,0.0,14.908875443041325,7.105101251974702,Bournemouth,ENG-Premier League,1.0,2324,2023.0,73.0,10741.0,30.0
Yoane Wissa,F S,3.523584979999987,149,34,0.02364822134228179,2556.0,12.0,11.16999962553382,12.0,11.16999962553382,3.0,3.828521143645048,67.0,29.0,7.0,0.0,16.368419870734215,4.587590790353715,Brentford,ENG-Premier League,1.0,2324,2023.0,244.0,5786.0,34.0
Danny Ings,F M S,2.174333789999993,92,29,0.02363406293478253,342.0,1.0,1.2228488996624949,1.0,1.2228488996624949,0.0,0.3788724727928638,12.0,5.0,1.0,0.0,1.6572822146117687,0.3996972218155861,West Ham,ENG-Premier League,1.0,2324,2023.0,81.0,986.0,20.0
Dango Ouattara,D F M S,6.5279003899999815,277,31,0.023566427400721953,1200.0,1.0,2.8214692445471883,1.0,2.8214692445471883,2.0,1.69136568531394,30.0,17.0,3.0,0.0,5.184925131499767,3.1382908783853054,Bournemouth,ENG-Premier League,1.0,2324,2023.0,73.0,9662.0,30.0
Jordan Ayew,F M S,7.376674659999968,315,56,0.02341801479365069,2563.0,4.0,4.262499047443271,4.0,4.262499047443271,7.0,4.95881259907037,48.0,25.0,7.0,1.0,10.702397212386131,5.5203778790310025,Crystal Palace,ENG-Premier League,1.0,2324,2023.0,78.0,672.0,35.0
Leandro Trossard,F M S,4.930573349999984,212,33,0.023257421462264078,1649.0,12.0,9.575767548754811,12.0,9.575767548754811,1.0,3.252073733136058,60.0,24.0,2.0,0.0,16.976479506120086,5.5028668232262135,Arsenal,ENG-Premier League,1.0,2324,2023.0,83.0,7698.0,34.0
Cody Gakpo,F M S,4.462227969999986,192,35,0.02324077067708326,1640.0,8.0,8.769219513982534,8.0,8.769219513982534,5.0,4.2288118079304695,66.0,25.0,1.0,0.0,17.55027423426509,6.47403072565794,Liverpool,ENG-Premier League,1.0,2324,2023.0,87.0,11296.0,35.0
Jack Harrison,M S,11.908071069999961,514,58,0.02316745344357969,2229.0,3.0,4.149862082675099,3.0,4.149862082675099,3.0,4.3471535332500935,34.0,27.0,1.0,0.0,8.462419219315052,2.3600274678319693,Everton,ENG-Premier League,1.0,2324,2023.0,72.0,8720.0,29.0
Dwight McNeil,D M S,14.115792589999955,611,61,0.023102770196399273,2914.0,3.0,3.64070400595665,3.0,3.64070400595665,6.0,10.325187070295216,57.0,69.0,2.0,0.0,14.694117410108449,5.355050271376967,Everton,ENG-Premier League,1.0,2324,2023.0,72.0,6756.0,35.0
Demarai Gray,,5.0024186799999795,217,42,0.023052620645161195,,,,,,,,,,,,,,,,,2324,,,,
James McAtee,F M S,4.126093579999983,179,29,0.023050802122904935,1848.0,3.0,3.202349577099085,2.0,2.4411807619035244,3.0,3.065165574662388,26.0,28.0,2.0,0.0,7.374102478846908,2.796986948233098,Manchester City,ENG-Premier League,1.0,2324,2023.0,88.0,10126.0,31.0
Dusan Tadic,,8.009129519999972,355,31,0.022560928225352033,,,,,,,,,,,,,,,,,2324,,,,
Matheus Cunha,F M S,6.1326814799999765,273,32,0.02246403472527464,2499.0,12.0,10.229120277799666,11.0,9.467951440252364,7.0,3.920058634132147,73.0,28.0,8.0,0.0,12.98503801226616,2.336798165924847,Wolves,ENG-Premier League,1.0,2324,2023.0,229.0,7080.0,32.0
Che Adams,,2.330937129999992,104,27,0.022412857019230695,,,,,,,,,,,,,,,,,2324,,,,
Johann Gudmundsson,,9.596784199999972,433,64,0.022163473903002245,,,,,,,,,,,,,,,,,2324,,,,
Sofiane Boufal,,3.2517341099999886,147,20,0.022120640204081554,,,,,,,,,,,,,,,,,2324,,,,
Ashley Barnes,,3.3751069399999882,154,43,0.021916278831168756,,,,,,,,,,,,,,,,,2324,,,,
Jordon Ibe,,2.782887669999987,129,23,0.021572772635658814,,,,,,,,,,,,,,,,,2324,,,,
Nicolo Zaniolo,F M S,1.7742703099999926,83,23,0.021376750722891476,820.0,2.0,3.7046729400753975,2.0,3.7046729400753975,0.0,0.6395295020192862,27.0,10.0,7.0,0.0,5.261115295812488,1.7181058693677187,Aston Villa,ENG-Premier League,1.0,2324,2023.0,71.0,6686.0,25.0
Jacob Bruun Larsen,F M S,3.451480259999985,162,30,0.02130543370370361,1272.0,6.0,5.2944221664220095,5.0,4.533253343775868,0.0,1.4546170141547918,44.0,25.0,1.0,0.0,7.313723993487656,2.519299939274788,Burnley,ENG-Premier League,1.0,2324,2023.0,92.0,5355.0,32.0
Jeffrey Schlupp,F M S,2.4292487499999917,116,27,0.020941799568965445,1370.0,2.0,1.8823988568037748,2.0,1.8823988568037748,2.0,2.1711694821715355,19.0,18.0,1.0,0.0,6.629315219819546,2.9410562105476856,Crystal Palace,ENG-Premier League,1.0,2324,2023.0,78.0,757.0,29.0
Phil Foden,F M S,10.992089579999963,525,35,0.020937313485714214,2895.0,19.0,11.307983005419374,19.0,11.307983005419374,8.0,8.51623285189271,105.0,73.0,2.0,0.0,30.41696721315384,16.99899828247726,Manchester City,ENG-Premier League,1.0,2324,2023.0,88.0,6055.0,35.0
Oliver McBurnie,F S,4.137534009999986,198,33,0.020896636414141346,1290.0,6.0,7.429724760353565,4.0,5.907387010753155,3.0,2.1915900241583586,33.0,12.0,3.0,2.0,6.99262013938278,2.891832641325891,Sheffield United,ENG-Premier League,1.0,2324,2023.0,238.0,1736.0,21.0
Antony,M S,4.136763789999985,198,27,0.020892746414141336,1329.0,1.0,3.493122511543333,1.0,3.493122511543333,1.0,3.495804164558649,43.0,22.0,5.0,0.0,11.48103859461844,6.454792508855462,Manchester United,ENG-Premier League,1.0,2324,2023.0,89.0,11094.0,29.0
Tahith Chong,D F M S,4.737744249999983,227,31,0.020871120044052786,1978.0,4.0,3.5191842010244727,4.0,3.5191842010244727,0.0,0.43756147287786,30.0,9.0,4.0,0.0,5.8977455431595445,3.575332073494792,Luton,ENG-Premier League,1.0,2324,2023.0,256.0,7439.0,33.0
Rodrigo,,3.162244229999989,152,24,0.020804238355263086,,,,,,,,,,,,,,,,,2324,,,,
Julian Alvarez,F M S,6.429267639999975,315,35,0.02041037346031738,2682.0,11.0,14.373571239411833,9.0,12.851233504712582,8.0,5.823111834935844,98.0,66.0,2.0,0.0,27.162230297923088,13.089299127459526,Manchester City,ENG-Premier League,1.0,2324,2023.0,88.0,10846.0,36.0
Riyad Mahrez,,8.197275059999965,408,30,0.020091360441176386,,,,,,,,,,,,,,,,,2324,,,,
Marc Albrighton,,10.663457709999962,536,52,0.019894510652985004,,,,,,,,,,,,,,,,,2324,,,,
Mame Diouf,,2.4063126399999915,121,26,0.01988688132231398,,,,,,,,,,,,,,,,,2324,,,,
Ryan Fraser,,7.926387079999972,399,38,0.019865631779448552,,,,,,,,,,,,,,,,,2324,,,,
Marc Pugh,,3.552324159999985,181,22,0.01962610033149163,,,,,,,,,,,,,,,,,2324,,,,
Mohamed Elyounoussi,,2.7599351399999903,141,24,0.019574008085106315,,,,,,,,,,,,,,,,,2324,,,,
Carlton Morris,F M S,4.031090469999983,206,37,0.019568400339805742,2879.0,11.0,12.306741118431091,6.0,8.500896904617548,4.0,3.691950936801732,72.0,22.0,4.0,0.0,12.545526312664151,5.202579701319337,Luton,ENG-Premier League,1.0,2324,2023.0,256.0,11717.0,38.0
Issa Kabore,D S,6.335958939999981,325,24,0.019495258276923017,1748.0,0.0,0.3038460947573185,0.0,0.3038460947573185,2.0,3.148332368582487,6.0,16.0,7.0,0.0,6.17993501201272,3.283387303352356,Luton,ENG-Premier League,1.0,2324,2023.0,256.0,9619.0,24.0
Raul Jimenez,F S,1.7921212099999937,92,24,0.01947957836956515,1423.0,7.0,5.9900733437389135,7.0,5.9900733437389135,0.0,1.6923745833337307,41.0,11.0,3.0,1.0,7.9016893692314625,1.7369755171239376,Fulham,ENG-Premier League,1.0,2324,2023.0,228.0,4105.0,24.0
David Brooks,M S,3.9124794899999866,201,26,0.01946507208955217,241.0,1.0,2.203701872378588,1.0,2.203701872378588,1.0,0.9074392039328814,13.0,8.0,1.0,0.0,3.8162245713174334,0.9324527494609356,Bournemouth,ENG-Premier League,1.0,2324,2023.0,73.0,6820.0,13.0
Chris Wood,F S,5.134504159999981,267,65,0.01923035265917596,1797.0,14.0,13.364272002130749,14.0,13.364272002130749,1.0,1.987032251432538,48.0,22.0,0.0,0.0,15.345352198928596,0.9163662036880852,Nottingham Forest,ENG-Premier League,1.0,2324,2023.0,249.0,4456.0,31.0
Xherdan Shaqiri,,5.357011449999979,280,26,0.019132183749999924,,,,,,,,,,,,,,,,,2324,,,,
Aaron Lennon,,1.9811560899999914,104,21,0.019049577788461454,,,,,,,,,,,,,,,,,2324,,,,
Troy Deeney,,5.1030121299999855,268,38,0.019041090037313378,,,,,,,,,,,,,,,,,2324,,,,
Jean-Ricner Bellegarde,D F M S,1.5165503099999933,80,21,0.018956878874999916,938.0,2.0,1.361364832147956,2.0,1.361364832147956,1.0,0.9551639519631864,15.0,12.0,0.0,1.0,3.1770667880773544,1.5232742801308632,Wolves,ENG-Premier League,1.0,2324,2023.0,229.0,7762.0,22.0
Kai Havertz,F M S,6.161958599999977,331,37,0.018616189123867,2651.0,13.0,13.465729914605618,12.0,12.704561084508896,7.0,5.814370539039373,69.0,45.0,11.0,0.0,24.790123470127583,9.346141943708062,Arsenal,ENG-Premier League,1.0,2324,2023.0,83.0,5220.0,37.0
Zeki Amdouni,F M S,3.634666699999982,196,32,0.018544217857142765,2025.0,5.0,6.100483123213053,4.0,5.339314285665751,1.0,1.494755046442151,49.0,16.0,2.0,0.0,7.888359908014536,2.6891510486602783,Burnley,ENG-Premier League,1.0,2324,2023.0,92.0,11701.0,34.0
Bobby De Cordova-Reid,,6.666826489999974,369,57,0.01806728046070454,,,,,,,,,,,,,,,,,2324,,,,
Cole Palmer,F M S,10.178288339999964,568,34,0.01791952172535205,2640.0,22.0,17.83224501274526,13.0,10.981725485995412,11.0,11.869294486939909,108.0,72.0,7.0,0.0,31.036520244553685,15.302413104102015,Chelsea,ENG-Premier League,1.0,2324,2023.0,80.0,8497.0,34.0
Danny Welbeck,F M S,2.151742609999992,121,27,0.017782996776859437,1723.0,5.0,6.242080001160502,5.0,6.242080001160502,1.0,2.18816620670259,40.0,22.0,4.0,0.0,13.546813283115624,7.474573427811265,Brighton,ENG-Premier League,1.0,2324,2023.0,220.0,501.0,29.0
Martin Odegaard,M,15.186948819999941,863,35,0.017597854947856248,3117.0,8.0,7.670226177200675,6.0,6.147925289347768,10.0,11.577396512031555,77.0,102.0,2.0,0.0,29.81505699455738,18.13802364096045,Arsenal,ENG-Premier League,1.0,2324,2023.0,83.0,2517.0,35.0
Frank Onyeka,M S,2.1952076399999916,125,23,0.017561661119999933,1124.0,1.0,2.0069142188876867,1.0,2.0069142188876867,2.0,1.8476180955767632,22.0,12.0,8.0,0.0,6.113463159650564,2.3846182618290186,Brentford,ENG-Premier League,1.0,2324,2023.0,244.0,9681.0,26.0
Lys Mousset,,0.8010969499999973,47,21,0.01704461595744675,,,,,,,,,,,,,,,,,2324,,,,
Alex Iwobi,M S,10.109198699999961,595,32,0.016990249915966323,2398.0,5.0,5.662265548482537,5.0,5.662265548482537,2.0,4.8107705460861325,55.0,52.0,2.0,0.0,16.545354936271906,8.541501207277179,Everton,ENG-Premier League,1.0,2324,2023.0,72.0,500.0,32.0
Pablo Sarabia,F M S,5.455759469999981,322,30,0.01694335239130429,1763.0,4.0,5.981299871578813,2.0,4.458962256088853,7.0,6.066077848896384,46.0,52.0,5.0,0.0,10.232647370547056,3.582952373661101,Wolves,ENG-Premier League,1.0,2324,2023.0,229.0,2199.0,30.0
Harvey Elliott,F M S,6.239221809999978,369,34,0.016908460189701838,1268.0,3.0,2.5765033923089504,3.0,2.5765033923089504,6.0,4.262343382462859,49.0,36.0,2.0,0.0,14.047137239947917,9.563051972538233,Liverpool,ENG-Premier League,1.0,2324,2023.0,87.0,7546.0,34.0
Yehor Yarmoliuk,,1.605601109999993,95,26,0.0169010643157894,,,,,,,,,,,,,,,,,2324,,,,
Morgan Gibbs-White,F M S,11.920904079999952,716,47,0.01664930737430161,3177.0,5.0,6.069625414907932,4.0,5.308456636965275,10.0,9.522167706862092,71.0,74.0,9.0,0.0,18.27287240326405,9.268674820661545,Nottingham Forest,ENG-Premier League,1.0,2324,2023.0,249.0,6857.0,37.0
Ryan Christie,M S,11.149866319999953,673,46,0.016567409093610628,2974.0,0.0,2.0325705148279667,0.0,2.0325705148279667,5.0,6.359501954168081,43.0,53.0,6.0,0.0,14.907791091129184,9.681732330471275,Bournemouth,ENG-Premier League,1.0,2324,2023.0,73.0,10744.0,37.0
Jordan Clark,M S,3.2307265199999846,198,21,0.016316800606060528,1326.0,1.0,0.9263012297451496,1.0,0.9263012297451496,1.0,1.848531438037753,17.0,12.0,4.0,0.0,4.373950673267245,2.606989283114672,Luton,ENG-Premier League,1.0,2324,2023.0,256.0,12187.0,23.0
Evan Ferguson,F S,0.9122324499999959,56,23,0.016289865178571356,1364.0,6.0,3.9660524409264326,6.0,3.9660524409264326,0.0,0.6511713527143002,33.0,6.0,1.0,0.0,6.868808541446924,2.484281620942056,Brighton,ENG-Premier League,1.0,2324,2023.0,220.0,10177.0,27.0
Aleksandar Mitrovic,S,2.5909078099999894,160,29,0.016193173812499934,31.0,0.0,0.1909874528646469,0.0,0.1909874528646469,0.0,0.0,2.0,0.0,0.0,0.0,0.1909874528646469,0.0,Fulham,ENG-Premier League,1.0,2324,2023.0,228.0,773.0,1.0
Andreas Pereira,M S,9.780642619999961,605,45,0.016166351438016466,2756.0,3.0,5.155889482237399,3.0,5.155889482237399,7.0,6.918029231950641,52.0,83.0,7.0,0.0,15.476547078229489,7.726291726343334,Fulham,ENG-Premier League,1.0,2324,2023.0,228.0,922.0,37.0
Junior Stanislas,,4.928148689999979,305,30,0.016157864557376982,,,,,,,,,,,,,,,,,2324,,,,
Charlie Austin,,1.062415679999995,66,24,0.016097207272727197,,,,,,,,,,,,,,,,,2324,,,,
Bernardo Silva,M S,10.904522329999947,683,33,0.015965625666178547,2599.0,6.0,4.0968160554766655,6.0,4.0968160554766655,9.0,8.528519937768579,34.0,65.0,8.0,0.0,24.37213490717113,15.577253567054868,Manchester City,ENG-Premier League,1.0,2324,2023.0,88.0,3635.0,33.0
Alex Moreno,D S,2.511721279999986,159,20,0.015796989182389847,1033.0,2.0,1.4437588155269625,2.0,1.4437588155269625,0.0,1.1591111738234758,8.0,11.0,2.0,0.0,6.872497453354299,4.588940887711942,Aston Villa,ENG-Premier League,1.0,2324,2023.0,71.0,4120.0,21.0
Miguel Almiron,F S,4.279694839999979,271,32,0.015792231881918743,1967.0,3.0,5.132560992613435,3.0,5.132560992613435,1.0,3.0761873684823517,41.0,25.0,2.0,0.0,12.225016118958592,5.606135703623295,Newcastle,ENG-Premier League,1.0,2324,2023.0,86.0,7420.0,33.0
Alfie Doughty,D S,9.473881549999962,607,37,0.015607712602965342,2980.0,2.0,1.831780318170786,2.0,1.831780318170786,8.0,6.612265331670642,26.0,70.0,5.0,0.0,11.054738521575928,7.9952765721827745,Luton,ENG-Premier League,1.0,2324,2023.0,256.0,11723.0,37.0
Alex Scott,M S,3.127868869999985,201,23,0.01556153666666659,997.0,1.0,0.6420764941722155,1.0,0.6420764941722155,1.0,2.070768877863884,15.0,22.0,3.0,0.0,4.81823368743062,2.62489465624094,Bournemouth,ENG-Premier League,1.0,2324,2023.0,73.0,12149.0,23.0
Pelly Ruddock Mpanzu,M S,2.3112050099999926,149,25,0.015511443020134179,1068.0,0.0,1.2606520606204867,0.0,1.2606520606204867,0.0,0.5314477952197194,11.0,6.0,1.0,0.0,2.659800674766302,1.222071398049593,Luton,ENG-Premier League,1.0,2324,2023.0,256.0,11716.0,27.0
Facundo Buonanotte,F M S,2.17399307999999,145,26,0.014993055724137862,1408.0,3.0,2.974676702171564,3.0,2.974676702171564,1.0,2.304281622171402,21.0,19.0,7.0,0.0,6.951848786324263,3.328327503055334,Brighton,ENG-Premier League,1.0,2324,2023.0,220.0,11362.0,27.0
Sergio Reguilon,D S,4.333266829999983,292,24,0.014839954897260215,1539.0,0.0,1.177430784329772,0.0,1.177430784329772,4.0,3.6384903844445935,17.0,28.0,7.0,1.0,6.459852248430252,3.6084673702716823,Brentford,ENG-Premier League,1.0,2324,2023.0,244.0,7187.0,25.0
Jay Rodriguez,F S,1.8930576299999924,128,42,0.01478951273437494,781.0,2.0,4.621791888028383,1.0,3.860623050481081,1.0,0.1711099222302436,22.0,4.0,0.0,0.0,3.988340836018324,0.8826676225289702,Burnley,ENG-Premier League,1.0,2324,2023.0,92.0,844.0,21.0
Shinji Okazaki,,1.5365653399999921,104,29,0.014774666730769156,,,,,,,,,,,,,,,,,2324,,,,
Hugo Bueno,D M S,1.9176075099999903,130,22,0.014750826999999925,706.0,0.0,0.2772597037255764,0.0,0.2772597037255764,0.0,0.8462303951382637,5.0,5.0,1.0,0.0,2.2125213155522943,1.421666874550283,Wolves,ENG-Premier League,1.0,2324,2023.0,229.0,10140.0,22.0
Bruno Fernandes,F M,11.783808109999953,801,35,0.014711370923845134,3121.0,10.0,10.74626663699746,6.0,6.940422397106886,8.0,13.15852378681302,95.0,113.0,9.0,0.0,22.69340828806162,12.64676270633936,Manchester United,ENG-Premier League,1.0,2324,2023.0,89.0,1228.0,35.0
Gustavo Hamer,F M S,7.309867179999974,502,36,0.014561488406374449,2986.0,4.0,2.414116295985877,4.0,2.414116295985877,6.0,6.986010514199734,49.0,68.0,9.0,0.0,9.918377881404012,4.241241263225675,Sheffield United,ENG-Premier League,1.0,2324,2023.0,238.0,11839.0,36.0
Lucas Paqueta,F M,8.176502699999968,562,31,0.014548937188612044,2676.0,4.0,4.605092185549438,2.0,3.082754510454833,6.0,5.833031775429845,42.0,41.0,10.0,0.0,13.320021394640207,7.106406299397349,West Ham,ENG-Premier League,1.0,2324,2023.0,81.0,7365.0,31.0
Stuart Armstrong,,5.527152399999972,380,38,0.014545137894736769,,,,,,,,,,,,,,,,,2324,,,,
Ryan Gravenberch,M S,2.976715589999986,205,25,0.014520563853658469,1116.0,1.0,1.7132481131702662,1.0,1.7132481131702662,0.0,1.092048980295658,23.0,15.0,0.0,0.0,7.440316876396537,5.028185680508614,Liverpool,ENG-Premier League,1.0,2324,2023.0,87.0,10697.0,26.0
James Maddison,M S,17.19226782999992,1199,65,0.01433883889074222,2206.0,4.0,6.2975962068885565,4.0,6.2975962068885565,9.0,7.142374597489834,57.0,66.0,5.0,0.0,20.873470183461905,12.04095826484263,Tottenham,ENG-Premier League,1.0,2324,2023.0,82.0,6818.0,28.0
Philip Billing,M S,7.228809369999967,510,54,0.014174136019607778,1359.0,2.0,2.870723254047334,2.0,2.870723254047334,2.0,3.7171403001993895,30.0,23.0,3.0,1.0,7.183791579678655,2.8327820003032684,Bournemouth,ENG-Premier League,1.0,2324,2023.0,73.0,6034.0,29.0
John McGinn,M,7.4069467399999676,523,35,0.014162422065009499,3053.0,6.0,4.672283694148064,6.0,4.672283694148064,4.0,5.626847393810749,40.0,45.0,9.0,1.0,20.780676677823067,13.845141869038343,Aston Villa,ENG-Premier League,1.0,2324,2023.0,71.0,7723.0,35.0
Mads Roerslev,D S,3.8820437899999845,275,33,0.014116522872727216,2009.0,1.0,1.1281067915260792,1.0,1.1281067915260792,2.0,2.064798539504409,7.0,15.0,1.0,0.0,6.286723421886563,4.37823604606092,Brentford,ENG-Premier League,1.0,2324,2023.0,244.0,9685.0,34.0
George Baldock,D S,3.6207102899999866,257,23,0.014088366887159481,965.0,0.0,0.024696996435523,0.0,0.024696996435523,1.0,0.8560367710888386,1.0,7.0,4.0,0.0,1.778840757906437,1.5442426055669785,Sheffield United,ENG-Premier League,1.0,2324,2023.0,238.0,7706.0,13.0
Roberto Pereyra,,5.1152871699999745,373,31,0.013713906621983846,,,,,,,,,,,,,,,,,2324,,,,
Mathias Jensen,M S,5.273531339999978,385,32,0.013697483999999942,2294.0,3.0,0.689183003269136,3.0,0.689183003269136,3.0,4.908007476478815,14.0,41.0,5.0,0.0,11.096407827921212,9.512499671429396,Brentford,ENG-Premier League,1.0,2324,2023.0,244.0,7166.0,32.0
Kyle Walker-Peters,,5.81889883999997,429,27,0.01356386675990669,,,,,,,,,,,,,,,,,2324,,,,
Ben Chilwell,D S,7.647903769999962,574,38,0.013323874163762999,771.0,0.0,1.2212005220353603,0.0,1.2212005220353603,1.0,1.793320189230144,12.0,14.0,5.0,0.0,3.850440725684166,1.9574524844065309,Chelsea,ENG-Premier League,1.0,2324,2023.0,80.0,782.0,13.0
Sam Vokes,,1.1855589099999941,89,30,0.013320886629213418,,,,,,,,,,,,,,,,,2324,,,,
Martin Olsson,,3.8515509599999835,296,21,0.01301199648648643,,,,,,,,,,,,,,,,,2324,,,,
Adam Lallana,M S,2.1045725999999907,163,24,0.012911488343558226,875.0,0.0,0.7641588356345892,0.0,0.7641588356345892,1.0,1.4911685585975647,11.0,15.0,2.0,0.0,4.825282486155629,2.9767271457239985,Brighton,ENG-Premier League,1.0,2324,2023.0,220.0,486.0,25.0
Neco Williams,D M S,4.898320699999974,387,33,0.012657159431524482,1622.0,0.0,0.934250148013234,0.0,0.934250148013234,1.0,1.1115016266703606,15.0,11.0,4.0,0.0,4.656272342428565,3.0113450456410646,Nottingham Forest,ENG-Premier League,1.0,2324,2023.0,249.0,8204.0,26.0
Giovani Lo Celso,M S,2.640182319999987,213,22,0.012395222159624353,466.0,2.0,0.4979793429374695,2.0,0.4979793429374695,2.0,1.60302646830678,13.0,17.0,2.0,0.0,3.47848142310977,2.747926991432905,Tottenham,ENG-Premier League,1.0,2324,2023.0,82.0,5681.0,22.0
Scott Arfield,,1.435521589999992,116,20,0.012375186120689587,,,,,,,,,,,,,,,,,2324,,,,
Lucas Digne,D S,5.284098529999973,433,33,0.012203460808314026,2406.0,1.0,1.2978818826377392,1.0,1.2978818826377392,3.0,2.9300744011998177,20.0,37.0,7.0,0.0,10.579740032553673,9.227116078138351,Aston Villa,ENG-Premier League,1.0,2324,2023.0,71.0,1823.0,33.0
Joe Allen,,4.477033179999976,369,30,0.012132881246612402,,,,,,,,,,,,,,,,,2324,,,,
Jayden Bogle,D M S,5.089778119999973,422,37,0.012061085592416998,2817.0,3.0,2.602401724085212,3.0,2.602401724085212,0.0,0.7326478343456984,32.0,10.0,8.0,0.0,5.202804431319237,2.6289064050652087,Sheffield United,ENG-Premier League,1.0,2324,2023.0,238.0,9205.0,34.0
James Garner,M S,4.691674989999977,389,36,0.012060861156812281,3016.0,1.0,2.2248211354017258,1.0,2.2248211354017258,2.0,5.287607742473483,41.0,43.0,7.0,0.0,9.332132609561086,5.183267613872886,Everton,ENG-Premier League,1.0,2324,2023.0,72.0,7438.0,37.0
Malo Gusto,D S,7.0243331199999615,591,27,0.011885504433164064,1754.0,0.0,1.700457390397787,0.0,1.700457390397787,6.0,5.507309950888157,15.0,32.0,7.0,1.0,14.041902555152774,10.585735710337758,Chelsea,ENG-Premier League,1.0,2324,2023.0,80.0,9017.0,27.0
Cedric Soares,S,6.734933449999964,567,35,0.011878189506172776,44.0,0.0,0.0,0.0,0.0,0.0,0.0,0.0,0.0,0.0,0.0,0.1967553291469812,0.1967553291469812,Arsenal,ENG-Premier League,1.0,2324,2023.0,83.0,847.0,3.0
Mikkel Damsgaard,M S,2.018847319999991,170,21,0.011875572470588182,797.0,0.0,0.8753717057406902,0.0,0.8753717057406902,2.0,2.291341120377183,9.0,10.0,2.0,0.0,4.728561159223318,2.396734122186899,Brentford,ENG-Premier League,1.0,2324,2023.0,244.0,8859.0,23.0
Bruno Guimaraes,M,10.920137539999935,926,37,0.011792805118790427,3292.0,7.0,4.978310074657202,7.0,4.978310074657202,8.0,7.888791332021356,48.0,62.0,8.0,0.0,23.880530774593357,18.56961396895349,Newcastle,ENG-Premier League,1.0,2324,2023.0,86.0,8327.0,37.0
Max Aarons,D S,3.6940163499999787,314,29,0.01176438328025471,1219.0,0.0,0.0476108696311712,0.0,0.0476108696311712,1.0,0.8764500692486763,2.0,7.0,1.0,0.0,3.960431007668376,3.3971939999610186,Bournemouth,ENG-Premier League,1.0,2324,2023.0,73.0,7688.0,20.0
Stephen Ward,,4.975087719999976,423,33,0.011761436690307273,,,,,,,,,,,,,,,,,2324,,,,
Peter Crouch,,1.3516292699999934,116,26,0.011651976465517185,,,,,,,,,,,,,,,,,2324,,,,
Matthew Lowton,,7.628384419999966,655,50,0.011646388427480864,,,,,,,,,,,,,,,,,2324,,,,
Ashley Westwood,,7.961147749999961,686,41,0.011605171647230263,,,,,,,,,,,,,,,,,2324,,,,
Dominik Szoboszlai,M S,6.207369379999966,539,31,0.011516455250463757,2135.0,3.0,3.519060474820435,3.0,3.519060474820435,2.0,5.657645266503096,60.0,55.0,1.0,0.0,21.230980657041076,15.891304083168508,Liverpool,ENG-Premier League,1.0,2324,2023.0,87.0,9788.0,33.0
Matty Cash,,5.109842059999969,445,29,0.011482791146067347,,,,,,,,,,,,,,,,,2324,,,,
Jeff Hendrick,,3.3571566699999815,293,38,0.011457872593856592,,,,,,,,,,,,,,,,,2324,,,,
Trent Alexander-Arnold,D S,9.84562540999995,867,28,0.01135596933102647,2190.0,3.0,2.745258178561926,3.0,2.745258178561926,4.0,8.361615665256977,47.0,64.0,6.0,0.0,19.35842103511095,14.500512413680552,Liverpool,ENG-Premier League,1.0,2324,2023.0,87.0,1791.0,28.0
Sean Longstaff,M S,5.948917339999969,525,35,0.011331271123809465,2748.0,6.0,7.077314300462604,6.0,7.077314300462604,2.0,3.0185976549983025,41.0,20.0,7.0,0.0,17.2361901816912,9.9536661230959,Newcastle,ENG-Premier League,1.0,2324,2023.0,86.0,7078.0,35.0
Ricardo Pereira,,4.305793499999974,381,23,0.011301295275590484,,,,,,,,,,,,,,,,,2324,,,,
Ben Osborn,D M S,4.218321639999979,374,27,0.011278934866310104,1343.0,0.0,0.1790793510153889,0.0,0.1790793510153889,2.0,1.075881354510784,4.0,13.0,3.0,0.0,3.0705280490219597,2.045230019837618,Sheffield United,ENG-Premier League,1.0,2324,2023.0,238.0,7714.0,24.0
Vitaly Janelt,D M S,5.87133931999997,521,38,0.011269365297504741,3137.0,1.0,2.0162796927616,1.0,2.0162796927616,3.0,4.314206030219793,21.0,37.0,8.0,0.0,12.40513951331377,9.032909959554672,Brentford,ENG-Premier League,1.0,2324,2023.0,244.0,9680.0,38.0
Christian Eriksen,M S,3.6088561099999796,321,22,0.01124254239875383,1130.0,1.0,0.6886363411322236,1.0,0.6886363411322236,2.0,2.3459482928738,13.0,27.0,1.0,0.0,5.237064341083169,3.57036822848022,Manchester United,ENG-Premier League,1.0,2324,2023.0,89.0,646.0,22.0
Vitinho,D M S,4.583040099999971,408,32,0.011232941421568558,2324.0,0.0,1.7635137159377337,0.0,1.7635137159377337,2.0,1.0349685866385698,25.0,11.0,1.0,0.0,6.745405659079552,4.7740294598042965,Burnley,ENG-Premier League,1.0,2324,2023.0,92.0,11700.0,32.0
Antonee Robinson,D,14.49451447999992,1304,54,0.011115425214723865,3290.0,0.0,0.8533244347199798,0.0,0.8533244347199798,6.0,3.767484251409769,16.0,31.0,6.0,0.0,13.781186819076538,11.46092726662755,Fulham,ENG-Premier League,1.0,2324,2023.0,228.0,8940.0,37.0
Charlie Taylor,D S,11.36242040999994,1024,63,0.011096113681640566,2336.0,1.0,0.2403556806966662,1.0,0.2403556806966662,1.0,1.883366331458092,10.0,15.0,8.0,0.0,4.918537275865674,4.101939328014851,Burnley,ENG-Premier League,1.0,2324,2023.0,92.0,6044.0,28.0
Vladimir Coufal,D,6.881925159999966,624,36,0.011028726217948663,3153.0,0.0,0.2854840941727161,0.0,0.2854840941727161,7.0,4.300948256626725,8.0,33.0,5.0,1.0,10.106693800538778,6.967354290187359,West Ham,ENG-Premier League,1.0,2324,2023.0,81.0,8965.0,36.0
Kieran Trippier,D S,9.614447189999954,883,28,0.010888388663646607,2255.0,1.0,0.6469280309975147,1.0,0.6469280309975147,10.0,8.592840051278472,8.0,66.0,5.0,0.0,13.876140996813774,10.365714758634567,Newcastle,ENG-Premier League,1.0,2324,2023.0,86.0,652.0,28.0
Pascal Gross,D M S,13.81026203999992,1280,36,0.010789267218749937,3107.0,4.0,6.07863125950098,3.0,5.317462421953678,10.0,8.449651076458395,55.0,101.0,6.0,0.0,23.86568094044924,17.94647761248052,Brighton,ENG-Premier League,1.0,2324,2023.0,220.0,239.0,36.0
Tyrick Mitchell,D,5.855973339999971,547,37,0.010705618537477094,3221.0,2.0,2.2116162590682507,2.0,2.2116162590682507,3.0,3.6366397831588975,12.0,24.0,6.0,0.0,12.8683971920982,8.858033265918493,Crystal Palace,ENG-Premier League,1.0,2324,2023.0,78.0,8214.0,37.0
Daryl Janmaat,,4.4348332799999755,420,26,0.010559126857142798,,,,,,,,,,,,,,,,,2324,,,,
Jose Holebas,,4.811870019999972,467,35,0.010303790192719427,,,,,,,,,,,,,,,,,2324,,,,
Tom Cairney,M S,9.86120290999994,966,53,0.010208284585921264,1427.0,1.0,1.009905599988997,1.0,1.009905599988997,4.0,3.1143901832401752,17.0,25.0,3.0,0.0,9.088703569956124,7.377049610950053,Fulham,ENG-Premier League,1.0,2324,2023.0,228.0,6835.0,34.0
Andy Robertson,,9.511186089999946,941,37,0.010107530382571674,,,,,,,,,,,,,,,,,2324,,,,
Adam Smith,D S,12.784038619999928,1266,70,0.010097976793048916,2185.0,0.0,0.0396374240517616,0.0,0.0396374240517616,2.0,1.4616671204566956,2.0,17.0,6.0,0.0,7.450475042685866,6.158073959872127,Bournemouth,ENG-Premier League,1.0,2324,2023.0,73.0,825.0,28.0
Ryan Bertrand,,8.997757649999942,896,44,0.010042140234374936,,,,,,,,,,,,,,,,,2324,,,,
Kenny Tete,D S,5.999000659999968,600,29,0.00999833443333328,880.0,1.0,1.1781789623200891,1.0,1.1781789623200891,0.0,0.1614780435338616,4.0,3.0,2.0,0.0,1.8050313368439677,1.7335399203002453,Fulham,ENG-Premier League,1.0,2324,2023.0,228.0,5973.0,14.0
Kiko Femenia,,5.142868239999969,522,27,0.009852238007662776,,,,,,,,,,,,,,,,,2324,,,,
Tino Livramento,,4.302841099999971,437,32,0.00984631830663609,,,,,,,,,,,,,,,,,2324,,,,
Milos Kerkez,D M S,3.156643389999982,321,28,0.009833780031152591,1982.0,0.0,1.6971189985051751,0.0,1.6971189985051751,1.0,1.3916718121618032,16.0,13.0,4.0,1.0,7.389515491202474,5.424490239471197,Bournemouth,ENG-Premier League,1.0,2324,2023.0,73.0,11709.0,28.0
Aaron Mooy,,5.024232899999972,514,24,0.009774772178988271,,,,,,,,,,,,,,,,,2324,,,,
Kristoffer Ajer,D S,3.386742379999979,355,27,0.00954011938028163,1845.0,2.0,1.4675675723701715,2.0,1.4675675723701715,1.0,2.600812576711178,12.0,12.0,5.0,0.0,5.710211778059602,3.668103391304612,Brentford,ENG-Premier League,1.0,2324,2023.0,244.0,9677.0,28.0
Youri Tielemans,F M S,11.031817719999932,1160,62,0.009510187689655114,1580.0,2.0,1.0049287639558315,2.0,1.0049287639558315,6.0,3.0543287601321936,14.0,18.0,3.0,0.0,10.675306875258684,8.060789976269007,Aston Villa,ENG-Premier League,1.0,2324,2023.0,71.0,5956.0,32.0
Ashley Young,D M S,3.4014695999999804,358,31,0.00950131173184352,2305.0,0.0,0.5671309139579535,0.0,0.5671309139579535,0.0,2.473125728778541,13.0,21.0,5.0,1.0,6.803516559302807,5.159970347769558,Everton,ENG-Premier League,1.0,2324,2023.0,72.0,631.0,31.0
Tom Carroll,,4.582139019999974,490,22,0.009351304122448926,,,,,,,,,,,,,,,,,2324,,,,
Alexis Mac Allister,M S,7.096406099999946,765,33,0.009276347843137184,2661.0,5.0,3.998983211815357,4.0,3.237814389169216,5.0,3.578091200441122,44.0,47.0,7.0,1.0,22.71393956243992,18.186699956655502,Liverpool,ENG-Premier League,1.0,2324,2023.0,87.0,8379.0,33.0
Jorginho,M S,3.1691913299999808,345,22,0.0091860618260869,911.0,0.0,0.0800427403301,0.0,0.0800427403301,2.0,1.5529427882283926,4.0,10.0,1.0,0.0,6.152929972857237,5.498104698956013,Arsenal,ENG-Premier League,1.0,2324,2023.0,83.0,1389.0,24.0
Nelson Semedo,D M,6.106407819999956,670,36,0.009114041522387994,3127.0,0.0,1.232096817344427,0.0,1.232096817344427,1.0,2.0054253563284874,17.0,24.0,10.0,1.0,8.870165027678013,6.637749888934195,Wolves,ENG-Premier League,1.0,2324,2023.0,229.0,6163.0,36.0
Pedro Porro,D,7.2354919799999555,794,35,0.009112710302266947,3101.0,3.0,2.83508870145306,3.0,2.83508870145306,7.0,7.285218555480242,53.0,52.0,3.0,0.0,20.235827142372727,15.794150441884996,Tottenham,ENG-Premier League,1.0,2324,2023.0,82.0,6912.0,35.0
Andy King,,1.7048131999999898,188,20,0.009068155319148882,,,,,,,,,,,,,,,,,2324,,,,
Ross Barkley,M S,6.664611829999948,739,32,0.009018419255750944,2627.0,5.0,4.483209175989032,5.0,4.483209175989032,4.0,4.823556295596063,66.0,43.0,6.0,0.0,11.16435156017542,5.912003388628364,Luton,ENG-Premier League,1.0,2324,2023.0,256.0,592.0,32.0
Rodrigo Bentancur,M S,2.78490425999998,313,23,0.008897457699680447,1016.0,1.0,1.622593866661191,1.0,1.622593866661191,1.0,0.5037150774151087,18.0,8.0,7.0,0.0,8.576564118266106,7.389497200027108,Tottenham,ENG-Premier League,1.0,2324,2023.0,82.0,6108.0,23.0
Lewis Cook,D M S,10.157994029999934,1142,60,0.00889491596322236,2799.0,0.0,0.4126169476658106,0.0,0.4126169476658106,3.0,3.677735963836312,12.0,46.0,5.0,1.0,11.350567385554314,8.91490264236927,Bournemouth,ENG-Premier League,1.0,2324,2023.0,73.0,1789.0,33.0
Matt Doherty,D M S,1.9818285999999856,224,28,0.008847449107142793,1087.0,1.0,1.1126765199005604,1.0,1.1126765199005604,0.0,1.0989295095205307,8.0,12.0,2.0,0.0,3.6199135687202215,2.180733907967806,Wolves,ENG-Premier League,1.0,2324,2023.0,229.0,6852.0,30.0
Charlie Daniels,,7.436355789999951,841,38,0.008842277990487457,,,,,,,,,,,,,,,,,2324,,,,
Pape Sarr,M S,4.941961769999963,560,34,0.008824931732142792,2141.0,3.0,3.842421315610409,3.0,3.842421315610409,3.0,2.0322468373924494,36.0,20.0,9.0,0.0,16.10821724496782,11.238362627103925,Tottenham,ENG-Premier League,1.0,2324,2023.0,82.0,9021.0,34.0
Conor Gallagher,M,6.377852679999954,723,37,0.008821373001383062,3171.0,5.0,4.717563968151808,5.0,4.717563968151808,7.0,5.792711144313216,48.0,52.0,7.0,1.0,25.90884201787412,18.712417108938094,Chelsea,ENG-Premier League,1.0,2324,2023.0,80.0,9040.0,37.0
Kyle Naughton,,5.622131319999966,638,26,0.008812118056426278,,,,,,,,,,,,,,,,,2324,,,,
Rayan Ait-Nouri,,4.166075229999968,473,33,0.00880777004228323,,,,,,,,,,,,,,,,,2324,,,,
Harrison Reed,M S,5.362299269999965,609,44,0.008805089113300435,1298.0,0.0,0.2859246646985411,0.0,0.2859246646985411,2.0,1.2897144686430693,9.0,14.0,6.0,0.0,4.717917591333389,4.137020692229271,Fulham,ENG-Premier League,1.0,2324,2023.0,228.0,910.0,27.0
Joao Gomes,M S,3.658134309999971,416,34,0.008793592091346085,2690.0,2.0,1.8554088305681944,2.0,1.8554088305681944,1.0,1.327573673799634,26.0,19.0,11.0,0.0,6.302764528430998,4.639164644293487,Wolves,ENG-Premier League,1.0,2324,2023.0,229.0,11384.0,34.0
Erik Pieters,,4.106431649999971,474,34,0.008663357911392344,,,,,,,,,,,,,,,,,2324,,,,
Oleksandr Zinchenko,D S,6.227386549999959,721,27,0.008637151941747516,1742.0,1.0,0.5664580916054547,1.0,0.5664580916054547,2.0,3.02644526027143,17.0,29.0,2.0,0.0,9.755152989178896,8.132995340973139,Arsenal,ENG-Premier League,1.0,2324,2023.0,83.0,2958.0,27.0
Ola Aina,D S,5.4144487499999645,628,30,0.008621733678343893,1730.0,1.0,0.2965008215978741,1.0,0.2965008215978741,1.0,0.7307851929217577,11.0,11.0,3.0,0.0,6.002222128212452,5.237075835466385,Nottingham Forest,ENG-Premier League,1.0,2324,2023.0,249.0,725.0,22.0
Leroy Fer,,2.6395576499999787,307,23,0.008597907654723057,,,,,,,,,,,,,,,,,2324,,,,
Harry Toffolo,D S,2.535921559999987,295,23,0.008596344271186397,1439.0,1.0,1.4097881969064474,1.0,1.4097881969064474,3.0,1.481477415189147,8.0,18.0,3.0,0.0,4.174264665693045,2.7104875817894936,Nottingham Forest,ENG-Premier League,1.0,2324,2023.0,249.0,10758.0,23.0
Vitalii Mykolenko,D,3.4287099299999784,400,28,0.008571774824999946,2482.0,2.0,1.9085629284381864,2.0,1.9085629284381864,0.0,1.246465403586626,26.0,13.0,0.0,0.0,7.135594544932246,5.507095940411091,Everton,ENG-Premier League,1.0,2324,2023.0,72.0,10291.0,28.0
Adam Forshaw,,2.989974379999978,349,26,0.008567261833810826,,,,,,,,,,,,,,,,,2324,,,,
Enzo Fernandez,M S,6.662643039999952,780,28,0.00854185005128199,2237.0,3.0,6.147583088837564,2.0,4.62524542491883,2.0,3.558830797672272,47.0,32.0,7.0,0.0,18.34273999929428,12.553447233512998,Chelsea,ENG-Premier League,1.0,2324,2023.0,80.0,11356.0,28.0
Ki Sung-Yueng,,2.280578389999984,267,20,0.008541492097378218,,,,,,,,,,,,,,,,,2324,,,,
Stuart Dallas,,3.4150297599999773,400,20,0.008537574399999944,,,,,,,,,,,,,,,,,2324,,,,
Amadou Onana,M S,3.400787229999974,400,30,0.008501968074999935,2093.0,2.0,2.553437914699316,2.0,2.553437914699316,0.0,2.4138805400580168,29.0,18.0,5.0,0.0,10.676468232646585,8.992594484239817,Everton,ENG-Premier League,1.0,2324,2023.0,72.0,9667.0,30.0
Will Hughes,M S,4.732590289999968,559,45,0.008466172254024988,1924.0,0.0,0.3010205570608377,0.0,0.3010205570608377,1.0,1.7067030258476734,8.0,21.0,6.0,0.0,5.737615456804633,5.330458853393793,Crystal Palace,ENG-Premier League,1.0,2324,2023.0,78.0,6104.0,30.0
Abdoulaye Doucoure,M,9.135788719999926,1089,67,0.008389154012855763,2678.0,7.0,10.20444649644196,7.0,10.20444649644196,1.0,2.55271128565073,47.0,33.0,7.0,0.0,13.33745107613504,5.22493714094162,Everton,ENG-Premier League,1.0,2324,2023.0,72.0,1726.0,32.0
Sam Clucas,,3.2047554399999734,383,27,0.00836750767624014,,,,,,,,,,,,,,,,,2324,,,,
Diogo Dalot,D S,6.430377999999954,769,36,0.00836199999999994,3171.0,2.0,1.3286937261000276,2.0,1.3286937261000276,3.0,3.0855262465775013,30.0,38.0,4.0,1.0,10.952797057107093,8.364923918619752,Manchester United,ENG-Premier League,1.0,2324,2023.0,89.0,7281.0,36.0
Christian Norgaard,M S,4.665418679999964,565,30,0.0082573781946902,2556.0,2.0,3.172293212264776,2.0,3.172293212264776,1.0,2.970704079605639,36.0,24.0,8.0,0.0,9.006961837410927,6.332392172887921,Brentford,ENG-Premier League,1.0,2324,2023.0,244.0,7083.0,31.0
Steven Davis,,4.9867818599999625,605,26,0.008242614644628037,,,,,,,,,,,,,,,,,2324,,,,
Douglas Luiz,M,5.846027339999946,711,35,0.00822226067510541,3043.0,9.0,7.572099968791008,5.0,4.527424611151218,5.0,5.288189608603716,48.0,53.0,12.0,0.0,17.31126916781068,13.624405791983008,Aston Villa,ENG-Premier League,1.0,2324,2023.0,71.0,6122.0,35.0
Ryan Yates,M S,3.194651769999979,392,42,0.008149621862244844,1967.0,1.0,2.6223334167152643,1.0,2.6223334167152643,1.0,1.0064595751464367,32.0,7.0,6.0,0.0,7.967897219583392,5.582980010658503,Nottingham Forest,ENG-Premier League,1.0,2324,2023.0,249.0,11003.0,35.0
Tomas Soucek,M S,2.98251025999998,371,37,0.008039111212937952,2885.0,7.0,7.466816443949938,7.0,7.466816443949938,2.0,2.1494441609829664,42.0,20.0,7.0,0.0,12.123065176419914,6.039048316888511,West Ham,ENG-Premier League,1.0,2324,2023.0,81.0,8288.0,37.0
Lloyd Kelly,D S,4.194221279999975,523,29,0.008019543556405306,1567.0,0.0,0.3132251426577568,0.0,0.3132251426577568,1.0,1.6466527543962002,4.0,9.0,2.0,0.0,5.733856109902263,4.144671676680446,Bournemouth,ENG-Premier League,1.0,2324,2023.0,73.0,8090.0,23.0
Ben White,D S,8.16203318999995,1018,35,0.008017714332023525,3024.0,4.0,2.015913512557745,4.0,2.015913512557745,4.0,4.758832193911076,13.0,38.0,8.0,0.0,20.14929211512208,17.290449742227793,Arsenal,ENG-Premier League,1.0,2324,2023.0,83.0,7298.0,37.0
James Ward-Prowse,M S,12.937841309999907,1625,95,0.007961748498461482,3025.0,7.0,5.63929136376828,5.0,4.116953688673675,7.0,8.108484361320734,44.0,64.0,4.0,0.0,11.991799759678544,7.065227452665567,West Ham,ENG-Premier League,1.0,2324,2023.0,81.0,843.0,37.0
Luke Ayling,,4.782956359999966,613,22,0.007802538923327841,,,,,,,,,,,,,,,,,2324,,,,
Kobbie Mainoo,M,2.6573168199999766,341,24,0.007792717947214008,1980.0,3.0,0.7737709768116474,3.0,0.7737709768116474,1.0,0.8450042605400085,11.0,15.0,3.0,0.0,5.0805817022919655,3.867461297661066,Manchester United,ENG-Premier League,1.0,2324,2023.0,89.0,11174.0,24.0
Curtis Jones,M S,2.3220838799999806,298,23,0.007792227785234834,1152.0,1.0,2.483465351164341,1.0,2.483465351164341,1.0,0.9511555470526218,19.0,11.0,3.0,1.0,9.832491017878056,6.74063022620976,Liverpool,ENG-Premier League,1.0,2324,2023.0,87.0,6665.0,23.0
Scott McTominay,F M S,1.9229452499999842,248,32,0.00775381149193542,1861.0,7.0,6.777370238676667,7.0,6.777370238676667,1.0,1.0619673654437063,44.0,11.0,2.0,0.0,9.31455492042005,3.7229946237057447,Manchester United,ENG-Premier League,1.0,2324,2023.0,89.0,5560.0,32.0
Takehiro Tomiyasu,D S,2.216258579999983,286,21,0.007749155874125815,1106.0,2.0,1.6189159248024223,2.0,1.6189159248024223,1.0,0.5923872366547585,17.0,6.0,0.0,1.0,3.8184002935886383,3.4134652838110924,Arsenal,ENG-Premier League,1.0,2324,2023.0,83.0,7931.0,22.0
Marcos Senesi,D S,7.951472379999939,1030,38,0.00771987609708732,2253.0,4.0,2.3658602572977543,4.0,2.3658602572977543,5.0,1.8848512191325424,13.0,22.0,13.0,0.0,8.664394936524332,7.699831395410001,Bournemouth,ENG-Premier League,1.0,2324,2023.0,73.0,10864.0,31.0
Emerson,D S,5.075472839999961,665,36,0.0076322899849623465,1145.0,1.0,0.1771470475941896,1.0,0.1771470475941896,0.0,0.4156769150868058,6.0,3.0,4.0,0.0,4.4803829826414585,4.325593873858452,Tottenham,ENG-Premier League,1.0,2324,2023.0,82.0,7430.0,22.0
Emerson,D S,5.075472839999961,665,36,0.0076322899849623465,3163.0,1.0,1.6024377886205912,1.0,1.6024377886205912,2.0,1.5223980667069554,19.0,23.0,10.0,0.0,8.584011431783438,6.391479849815369,West Ham,ENG-Premier League,1.0,2324,2023.0,81.0,1245.0,36.0
Tom Cleverley,,2.8059808599999814,369,26,0.007604284173441684,,,,,,,,,,,,,,,,,2324,,,,
Josh Brownhill,M S,5.08109398999996,669,49,0.007595058281016383,2229.0,4.0,1.8306225752457976,4.0,1.8306225752457976,2.0,1.8270882591605184,28.0,34.0,4.0,1.0,6.495785586535931,4.306291623972356,Burnley,ENG-Premier League,1.0,2324,2023.0,92.0,8323.0,33.0
Danilo,F M S,2.8934694299999744,381,33,0.007594407952755838,1799.0,2.0,1.6652069194242358,2.0,1.6652069194242358,2.0,1.5294003784656525,23.0,20.0,4.0,0.0,10.227419295348229,7.997594775632024,Nottingham Forest,ENG-Premier League,1.0,2324,2023.0,249.0,11317.0,29.0
Destiny Udogie,,4.717321249999961,623,28,0.007571944221508766,,,,,,,,,,,,,,,,,2324,,,,
Jefferson Lerma,D M S,7.517304469999937,993,51,0.007570296545820682,2413.0,1.0,2.384976907633245,1.0,2.384976907633245,1.0,2.4383071903139357,34.0,24.0,8.0,0.0,8.658741846680641,5.520685154944658,Crystal Palace,ENG-Premier League,1.0,2324,2023.0,78.0,2182.0,28.0
Kyle Walker,D S,7.694976519999944,1031,32,0.007463604772065901,2770.0,0.0,0.3650220464915037,0.0,0.3650220464915037,4.0,3.342263269238174,16.0,25.0,2.0,0.0,21.998310588300228,20.06531212478876,Manchester City,ENG-Premier League,1.0,2324,2023.0,88.0,638.0,32.0
Sander Berge,M S,5.931575989999945,798,41,0.00743305261904755,3020.0,1.0,2.122107489034533,1.0,2.122107489034533,2.0,3.1849441323429346,25.0,29.0,8.0,1.0,12.192523565143349,8.591317790560424,Burnley,ENG-Premier League,1.0,2324,2023.0,92.0,8285.0,37.0
Tom Heaton,,1.338609669999993,181,23,0.007395633535911564,,,,,,,,,,,,,,,,,2324,,,,
Declan Rice,M S,7.87364868999993,1070,38,0.007358550177570028,3256.0,7.0,3.186093623749912,7.0,3.186093623749912,8.0,5.895036246627569,58.0,47.0,5.0,0.0,19.678100544027984,16.131323732435703,Arsenal,ENG-Premier League,1.0,2324,2023.0,83.0,5553.0,38.0
Rodri,M,12.986563549999888,1766,34,0.0073536599943374225,2967.0,8.0,4.294270480051637,8.0,4.294270480051637,9.0,5.32604681327939,62.0,50.0,8.0,1.0,31.6230084002018,26.291744768619537,Manchester City,ENG-Premier League,1.0,2324,2023.0,88.0,2496.0,34.0
Luke Thomas,D M S,2.2260678299999834,306,23,0.007274731470588181,940.0,0.0,0.6857008039951324,0.0,0.6857008039951324,0.0,0.06999615393579,6.0,2.0,3.0,0.0,1.4491792991757393,0.7634785007685423,Sheffield United,ENG-Premier League,1.0,2324,2023.0,238.0,8562.0,12.0
Joe Gomez,,3.922764409999965,542,31,0.007237572712177057,,,,,,,,,,,,,,,,,2324,,,,
Jack Cork,S,5.388604449999952,754,54,0.007146690251989326,16.0,0.0,0.0,0.0,0.0,0.0,0.0,0.0,0.0,0.0,0.0,0.2487726733088493,0.2487726733088493,Burnley,ENG-Premier League,1.0,2324,2023.0,92.0,712.0,4.0
Timothy Castagne,D S,9.947750189999923,1410,58,0.007055141978723349,2627.0,1.0,1.3355903550982475,1.0,1.3355903550982475,3.0,1.5853081783279777,14.0,18.0,3.0,0.0,8.171432700008154,6.209871254861355,Fulham,ENG-Premier League,1.0,2324,2023.0,228.0,6157.0,34.0
Christian Fuchs,,4.530498139999965,645,29,0.007024028124030954,,,,,,,,,,,,,,,,,2324,,,,
Jordan Pickford,GK,4.35703578999997,631,52,0.006904969556259857,3420.0,0.0,0.0,0.0,0.0,0.0,0.1356039261445403,0.0,4.0,5.0,0.0,4.561621826142073,4.441057674586773,Everton,ENG-Premier League,1.0,2324,2023.0,72.0,741.0,38.0
Mario Lemina,M S,6.1553829599999395,895,58,0.006877522860335128,3002.0,4.0,4.610754423774779,4.0,4.610754423774779,1.0,1.7865049708634615,48.0,20.0,10.0,1.0,8.971558410674334,6.0500337686389685,Wolves,ENG-Premier League,1.0,2324,2023.0,229.0,1299.0,35.0
Reece Burke,D S,3.3486471599999756,487,22,0.006876072197125206,1691.0,0.0,2.1644996237009764,0.0,2.1644996237009764,4.0,2.321440448984504,13.0,13.0,5.0,0.0,4.144421625882387,3.8680728431791063,Luton,ENG-Premier League,1.0,2324,2023.0,256.0,1771.0,22.0
Pierre-Emile Hojbjerg,M S,8.702307339999924,1274,60,0.006830696499215011,1212.0,0.0,0.544023672118783,0.0,0.544023672118783,0.0,1.134924995712936,19.0,8.0,4.0,0.0,11.555909689515827,10.493784312158825,Tottenham,ENG-Premier League,1.0,2324,2023.0,82.0,343.0,36.0
Harry Arter,,4.610033839999958,677,31,0.006809503456425344,,,,,,,,,,,,,,,,,2324,,,,
Kalvin Phillips,M S,2.1304688699999814,316,26,0.00674199009493665,358.0,0.0,0.1942080287262797,0.0,0.1942080287262797,0.0,0.0,5.0,0.0,1.0,1.0,1.1170908715575931,0.9405870689079164,Manchester City,ENG-Premier League,1.0,2324,2023.0,88.0,8719.0,12.0
Oliver Norwood,M S,3.5053708399999723,523,35,0.0067024299043976525,1413.0,1.0,0.9864262714982032,0.0,0.2252942509949207,0.0,0.6933921938762069,15.0,16.0,8.0,0.0,2.788633189164102,2.4070543106645346,Sheffield United,ENG-Premier League,1.0,2324,2023.0,238.0,7710.0,27.0
Billy Gilmour,M S,5.888501789999941,887,36,0.006638671691093507,2154.0,0.0,0.7286842339672148,0.0,0.7286842339672148,1.0,2.0903379926458,25.0,22.0,8.0,1.0,17.74679738096893,16.257044926285744,Brighton,ENG-Premier League,1.0,2324,2023.0,220.0,7988.0,30.0
Boubacar Kamara,M,2.9999905699999703,458,20,0.006550197751091638,1686.0,0.0,0.1435272945091128,0.0,0.1435272945091128,1.0,1.0960499802604318,5.0,20.0,7.0,1.0,9.230381686240436,8.439194424077868,Aston Villa,ENG-Premier League,1.0,2324,2023.0,71.0,5789.0,20.0
Josh Cullen,M S,4.433336409999958,682,25,0.00650049326979466,2072.0,2.0,0.532621605321765,2.0,0.532621605321765,3.0,1.9263525325804949,16.0,26.0,9.0,0.0,8.981078654527664,7.6769237499684095,Burnley,ENG-Premier League,1.0,2324,2023.0,92.0,1018.0,25.0
James Tarkowski,D,9.664050659999914,1502,86,0.006434121611185029,3420.0,1.0,3.3438648656010628,1.0,3.3438648656010628,1.0,2.957596180029213,25.0,21.0,11.0,0.0,6.766535404138267,6.192924220114946,Everton,ENG-Premier League,1.0,2324,2023.0,72.0,1665.0,38.0
Aaron Wan-Bissaka,D S,2.5904947199999766,405,22,0.006396283259259202,1784.0,0.0,0.1462121829390525,0.0,0.1462121829390525,2.0,1.4311098009347916,3.0,12.0,4.0,0.0,7.737613718956709,6.425123929977417,Manchester United,ENG-Premier League,1.0,2324,2023.0,89.0,5584.0,22.0
Etienne Capoue,,4.0527917899999615,639,38,0.006342397167449079,,,,,,,,,,,,,,,,,2324,,,,
Josko Gvardiol,D S,5.213905339999948,828,28,0.006296987125603801,2335.0,4.0,3.0817854246124625,4.0,3.0817854246124625,1.0,2.115578116849065,32.0,19.0,3.0,0.0,18.244669392704964,14.99465874582529,Manchester City,ENG-Premier League,1.0,2324,2023.0,88.0,9790.0,28.0
Nicolas Dominguez,M S,2.499430779999976,404,25,0.006186709851485089,1543.0,2.0,1.7021510526537895,2.0,1.7021510526537895,2.0,0.9089695196598768,22.0,10.0,4.0,0.0,6.102301966398954,3.8425266593694687,Nottingham Forest,ENG-Premier League,1.0,2324,2023.0,249.0,8252.0,26.0
Dan Gosling,,3.1347086999999716,508,32,0.006170686417322779,,,,,,,,,,,,,,,,,2324,,,,
Idrissa Gueye,M S,2.261763649999976,369,25,0.006129440785907794,1930.0,4.0,1.66155200637877,4.0,1.66155200637877,0.0,1.0346810910850763,26.0,15.0,8.0,0.0,7.90418847836554,5.927652306854725,Everton,ENG-Premier League,1.0,2324,2023.0,72.0,668.0,25.0
Casemiro,D M S,4.108842369999959,675,25,0.00608717388148142,2006.0,1.0,3.123898906633258,1.0,3.123898906633258,2.0,1.3856250941753387,38.0,16.0,7.0,0.0,8.275429267436266,6.855192001909018,Manchester United,ENG-Premier League,1.0,2324,2023.0,89.0,2248.0,25.0
Nick Pope,GK,2.0510038799999832,341,46,0.0060146741348973114,1347.0,0.0,0.0164986308664083,0.0,0.0164986308664083,0.0,0.0,1.0,0.0,1.0,0.0,4.397169943898916,4.397169943898916,Newcastle,ENG-Premier League,1.0,2324,2023.0,86.0,5552.0,15.0
Wataru Endo,M S,3.3984213799999665,572,29,0.00594129611888106,1718.0,1.0,0.4377728682011366,1.0,0.4377728682011366,0.0,1.4933863505721092,10.0,16.0,10.0,0.0,12.217629071325064,11.228149242699146,Liverpool,ENG-Premier League,1.0,2324,2023.0,87.0,8808.0,29.0
Joachim Andersen,D,7.557981219999923,1275,46,0.005927828407843077,3420.0,2.0,2.444138385821134,2.0,2.444138385821134,3.0,2.889101937413216,21.0,21.0,7.0,0.0,10.297365324571729,9.6244976837188,Crystal Palace,ENG-Premier League,1.0,2324,2023.0,78.0,6314.0,38.0
Vinicius Souza,D M S,2.4950752799999707,424,36,0.005884611509433893,2676.0,1.0,0.5002630027011037,1.0,0.5002630027011037,0.0,0.7816855013370514,14.0,5.0,3.0,0.0,4.085046709049493,2.9888922558166087,Sheffield United,ENG-Premier League,1.0,2324,2023.0,238.0,10872.0,36.0
Michael Keane,D S,2.1529277599999763,368,24,0.005850347173912979,432.0,1.0,0.9261618256568908,1.0,0.9261618256568908,0.0,0.0,6.0,0.0,2.0,0.0,0.8365163393318653,0.8365163393318653,Everton,ENG-Premier League,1.0,2324,2023.0,72.0,1653.0,9.0
Danny Simpson,,2.5706700499999777,442,28,0.0058159955882352435,,,,,,,,,,,,,,,,,2324,,,,
Harry Maguire,D S,8.595981739999903,1481,57,0.005804174031060029,1645.0,2.0,2.137907139956951,2.0,2.137907139956951,2.0,1.306744921952486,20.0,6.0,3.0,0.0,5.5030854400247335,4.45605625025928,Manchester United,ENG-Premier League,1.0,2324,2023.0,89.0,1687.0,22.0
Joao Palhinha,M S,4.4710072999999575,772,43,0.005791460233160566,2742.0,4.0,3.245512000285089,4.0,3.245512000285089,1.0,0.8451391234993935,44.0,12.0,13.0,0.0,11.165684594772756,9.492066229693592,Fulham,ENG-Premier League,1.0,2324,2023.0,228.0,10715.0,33.0
Oliver Skipp,D M S,0.9460433999999899,164,20,0.005768557317073109,660.0,0.0,0.6823929585516453,0.0,0.6823929585516453,0.0,0.541032612323761,4.0,7.0,3.0,0.0,5.026997778564692,4.433636624366045,Tottenham,ENG-Premier League,1.0,2324,2023.0,82.0,7198.0,21.0
Jack Robinson,D S,4.07554397999996,707,38,0.005764560084865573,2885.0,1.0,1.5116838621906936,1.0,1.5116838621906936,1.0,1.087454216554761,14.0,12.0,10.0,0.0,3.866813466884196,2.7258199555799365,Sheffield United,ENG-Premier League,1.0,2324,2023.0,238.0,8286.0,34.0
Ben Foster,,1.2547417999999915,220,22,0.00570337181818178,,,,,,,,,,,,,,,,,2324,,,,
Joel Veltman,D S,1.9302859699999806,343,27,0.005627655889212772,1549.0,1.0,0.7444530799984932,1.0,0.7444530799984932,1.0,0.5223252037540078,6.0,4.0,4.0,0.0,3.686465038917959,3.087540141306817,Brighton,ENG-Premier League,1.0,2324,2023.0,220.0,8780.0,27.0
Simon Francis,,4.808988409999955,856,33,0.005617977114485929,,,,,,,,,,,,,,,,,2324,,,,
Yves Bissouma,M S,4.992496619999939,889,28,0.005615856715410506,2120.0,0.0,1.1663736272603271,0.0,1.1663736272603271,0.0,0.4049058575183153,24.0,10.0,8.0,2.0,11.2580073364079,10.58978133648634,Tottenham,ENG-Premier League,1.0,2324,2023.0,82.0,5609.0,28.0
Ben Mee,D S,6.899246239999932,1233,66,0.005595495733982102,1290.0,2.0,1.4556071758270264,2.0,1.4556071758270264,0.0,0.2498973030596971,10.0,6.0,1.0,1.0,1.844228193163872,1.3644802905619144,Brentford,ENG-Premier League,1.0,2324,2023.0,244.0,1654.0,16.0
Sasa Lukic,M S,1.1953870799999862,214,27,0.005585920934579374,1107.0,1.0,1.2816824559122324,1.0,1.2816824559122324,0.0,0.6108460575342178,13.0,10.0,3.0,0.0,4.723364921286702,3.862767720595002,Fulham,ENG-Premier League,1.0,2324,2023.0,228.0,1537.0,24.0
Boubacar Traore,M S,0.8965338799999902,161,23,0.005568533416149007,760.0,0.0,0.2670730333775282,0.0,0.2670730333775282,0.0,0.2813335740938782,11.0,5.0,4.0,0.0,3.788605699315667,3.4077476616948843,Wolves,ENG-Premier League,1.0,2324,2023.0,229.0,8119.0,24.0
Andrew Surman,,3.175023549999967,578,26,0.005493120328719666,,,,,,,,,,,,,,,,,2324,,,,
Emerson Royal,,2.3306121899999757,425,21,0.005483793388235237,,,,,,,,,,,,,,,,,2324,,,,
Murillo,D,4.922178029999951,899,32,0.005475170222469356,2813.0,0.0,1.6653295904397964,0.0,1.6653295904397964,2.0,1.2170642092823982,17.0,8.0,5.0,0.0,8.485122511163354,7.43321305885911,Nottingham Forest,ENG-Premier League,1.0,2324,2023.0,249.0,12123.0,32.0
Zanka,D S,5.288150469999946,975,39,0.005423744071794817,1082.0,1.0,0.6000314559787512,1.0,0.6000314559787512,0.0,0.9500103443861008,8.0,6.0,4.0,0.0,4.571010607294738,3.7045516846701503,Brentford,ENG-Premier League,1.0,2324,2023.0,244.0,6030.0,14.0
Mateo Kovacic,M S,3.724175249999953,687,30,0.005420924672489015,1540.0,1.0,1.42939617857337,1.0,1.42939617857337,0.0,1.6855967957526443,22.0,21.0,4.0,0.0,13.513947013765574,12.226292986422775,Manchester City,ENG-Premier League,1.0,2324,2023.0,88.0,2254.0,30.0
Chris Mepham,D S,2.689883019999967,497,22,0.005412239476861101,610.0,0.0,0.0895473062992096,0.0,0.0895473062992096,1.0,0.474224217236042,1.0,3.0,2.0,0.0,1.973433375358581,1.934802167117596,Bournemouth,ENG-Premier League,1.0,2324,2023.0,73.0,7384.0,10.0
Auston Trusty,D S,2.6790893099999686,499,30,0.005368916452905749,2576.0,0.0,0.6636047475039959,0.0,0.6636047475039959,0.0,1.102281242609024,8.0,8.0,4.0,0.0,2.35319939814508,1.6658160258084536,Sheffield United,ENG-Premier League,1.0,2324,2023.0,238.0,11732.0,32.0
Oriol Romeu,,7.07400486999991,1320,54,0.00535909459848478,,,,,,,,,,,,,,,,,2324,,,,
Marc Cucurella,D S,2.848294349999975,532,21,0.005353936748120253,1788.0,0.0,1.4538506548851728,0.0,1.4538506548851728,2.0,1.254556130617857,8.0,19.0,10.0,0.0,12.102387934923172,10.091670595109465,Chelsea,ENG-Premier League,1.0,2324,2023.0,80.0,7134.0,21.0
Joel Ward,D S,2.0142992499999806,381,23,0.005286874671915959,1985.0,0.0,0.7851169966161251,0.0,0.7851169966161251,1.0,0.0965822115540504,10.0,2.0,4.0,0.0,5.3411974757909775,5.244141489267349,Crystal Palace,ENG-Premier League,1.0,2324,2023.0,78.0,510.0,26.0
Dara O'Shea,D S,5.67247079999994,1074,33,0.005281630167597709,2899.0,3.0,0.9073518002405764,3.0,0.9073518002405764,4.0,1.6444027656689286,19.0,13.0,5.0,1.0,4.856452916748822,4.503178563900292,Burnley,ENG-Premier League,1.0,2324,2023.0,92.0,8756.0,33.0
Ryan Shawcross,,2.006275519999977,380,27,0.00527967242105257,,,,,,,,,,,,,,,,,2324,,,,
Nathaniel Clyne,D S,1.740166529999983,330,23,0.005273231909090857,1341.0,0.0,0.1827639872208237,0.0,0.1827639872208237,0.0,0.1501605957746505,4.0,3.0,0.0,0.0,3.289492018520832,3.0100313499569893,Crystal Palace,ENG-Premier League,1.0,2324,2023.0,78.0,603.0,19.0
Orel Mangala,M S,1.901337479999976,363,27,0.005237844297520595,1599.0,1.0,0.8923602215945721,1.0,0.8923602215945721,0.0,0.2867993172258138,10.0,6.0,6.0,0.0,3.66855537891388,2.841583462432027,Nottingham Forest,ENG-Premier League,1.0,2324,2023.0,249.0,6088.0,20.0
Fabian Schar,D S,6.19353507999993,1183,36,0.00523544808114956,3057.0,4.0,2.679914410226047,4.0,2.679914410226047,1.0,1.2247396316379309,35.0,9.0,5.0,0.0,13.900441944599152,13.216225143522024,Newcastle,ENG-Premier League,1.0,2324,2023.0,86.0,76.0,36.0
Heurelho Gomes,,1.0597058699999928,205,27,0.0051692969268292335,,,,,,,,,,,,,,,,,2324,,,,
Amari'i Bell,D,2.9295766199999647,570,21,0.0051396081052630955,1724.0,0.0,0.4993779337964952,0.0,0.4993779337964952,0.0,0.3448488349094987,2.0,8.0,0.0,0.0,5.261379264295101,4.456334888935089,Luton,ENG-Premier League,1.0,2324,2023.0,256.0,11713.0,21.0
Tommy Doyle,M S,1.988708269999976,388,24,0.0051255367783504535,1175.0,0.0,0.4136425852775574,0.0,0.4136425852775574,0.0,0.6756884949281812,14.0,8.0,2.0,0.0,4.574842236936092,4.24587644636631,Wolves,ENG-Premier League,1.0,2324,2023.0,229.0,8496.0,26.0
Moises Caicedo,M S,4.469953529999947,878,35,0.005091063246013608,2897.0,1.0,0.2973291608504951,1.0,0.2973291608504951,3.0,2.49897606484592,13.0,22.0,11.0,0.0,25.048321802169085,23.26216376759112,Chelsea,ENG-Premier League,1.0,2324,2023.0,80.0,9453.0,35.0
Wes Foderingham,GK S,1.6714491299999885,329,30,0.005080392492401181,2644.0,0.0,0.0,0.0,0.0,0.0,0.0650442615151405,0.0,1.0,2.0,0.0,0.9430307522416116,0.877986490726471,Sheffield United,ENG-Premier League,1.0,2324,2023.0,238.0,8776.0,30.0
Jonathan Hogg,,2.4501565199999713,483,20,0.005072787826086897,,,,,,,,,,,,,,,,,2324,,,,
Sebastian Prodl,,1.8347984399999775,366,25,0.005013110491803217,,,,,,,,,,,,,,,,,2324,,,,
Thomas Kaminski,GK,2.5701417899999743,518,38,0.004961663687258638,3410.0,0.0,0.0,0.0,0.0,0.0,0.0386374369263649,0.0,1.0,3.0,0.0,2.81331679597497,2.7746793553233147,Luton,ENG-Premier League,1.0,2324,2023.0,256.0,11712.0,38.0
Wilfred Ndidi,,4.73847211999994,984,55,0.00481552044715441,,,,,,,,,,,,,,,,,2324,,,,
Edson Alvarez,M S,2.522607549999964,526,31,0.004795831844106395,2405.0,1.0,1.2118008164688945,1.0,1.2118008164688945,1.0,0.5929595055058599,17.0,12.0,11.0,0.0,6.416552271693945,5.055172272026539,West Ham,ENG-Premier League,1.0,2324,2023.0,81.0,11926.0,31.0
Anel Ahmedhodzic,D S,2.8418027999999618,593,31,0.004792247554806006,2646.0,2.0,3.4643044117838144,2.0,3.4643044117838144,0.0,0.9506413880735636,19.0,7.0,9.0,1.0,5.8164455853402615,2.930068898946047,Sheffield United,ENG-Premier League,1.0,2324,2023.0,238.0,10386.0,31.0
Jack Stephens,,3.5621864099999514,745,35,0.004781458268456311,,,,,,,,,,,,,,,,,2324,,,,
Gabriel Osho,D,2.0615645099999758,438,21,0.004706768287671178,1853.0,2.0,1.2455969844013453,2.0,1.2455969844013453,0.0,0.0953587368130683,10.0,2.0,3.0,0.0,2.9620273392647505,2.873757319524884,Luton,ENG-Premier League,1.0,2324,2023.0,256.0,12151.0,21.0
Nampalys Mendy,,1.9693670899999722,419,30,0.004700160119331676,,,,,,,,,,,,,,,,,2324,,,,
Teden Mengi,D S,2.7860024399999612,593,30,0.0046981491399662074,2465.0,1.0,0.6793681988492608,1.0,0.6793681988492608,0.0,0.3480907082557678,11.0,6.0,3.0,0.0,3.329129146412015,2.983856063336134,Luton,ENG-Premier League,1.0,2324,2023.0,256.0,12073.0,30.0
Dan Burn,D S,3.4244049099999647,730,33,0.004690965630136938,2763.0,2.0,4.111052492633462,2.0,4.111052492633462,2.0,1.8968225196003916,23.0,9.0,4.0,0.0,15.2240951359272,13.172115057706833,Newcastle,ENG-Premier League,1.0,2324,2023.0,86.0,7382.0,33.0
Carlos Baleba,M S,1.3159612699999779,284,27,0.0046336664436618935,1303.0,0.0,0.7727098371833563,0.0,0.7727098371833563,0.0,0.446680839639157,21.0,8.0,7.0,0.0,5.224796708673239,4.549104126170278,Brighton,ENG-Premier League,1.0,2324,2023.0,220.0,10527.0,27.0
Pau Torres,D S,4.53888089999994,1000,29,0.00453888089999994,2467.0,2.0,1.5308636222034693,2.0,1.5308636222034693,0.0,0.6226628543809056,12.0,8.0,1.0,0.0,12.13946529570967,11.884302482940257,Aston Villa,ENG-Premier League,1.0,2324,2023.0,71.0,6221.0,29.0
Levi Colwill,D S,2.5422014299999725,563,23,0.004515455470692669,1813.0,1.0,0.7760256305336952,1.0,0.7760256305336952,1.0,1.2379922457039356,11.0,7.0,2.0,0.0,8.106331346556544,7.155624521896243,Chelsea,ENG-Premier League,1.0,2324,2023.0,80.0,10805.0,23.0
Willy-Arnaud Boly,,2.257520729999972,502,25,0.004497053247011896,,,,,,,,,,,,,,,,,2324,,,,
Calum Chambers,M S,2.442438319999966,548,29,0.0044570042335765805,137.0,0.0,0.0,0.0,0.0,1.0,0.0567669123411178,0.0,1.0,1.0,0.0,0.6117476709187031,0.6117476709187031,Aston Villa,ENG-Premier League,1.0,2324,2023.0,71.0,508.0,5.0
Christian Kabasele,,2.0533220799999707,465,32,0.004415746408602088,,,,,,,,,,,,,,,,,2324,,,,
Craig Cathcart,,1.8880987999999759,428,26,0.004411445794392467,,,,,,,,,,,,,,,,,2324,,,,
Jonas Lossl,,1.3518067599999881,310,26,0.004360666967741897,,,,,,,,,,,,,,,,,2324,,,,
Steve Cook,,4.574202859999933,1053,44,0.004343972326685597,,,,,,,,,,,,,,,,,2324,,,,
Jarrad Branthwaite,D,3.1618364899999607,730,35,0.004331282863013645,3122.0,3.0,1.9108920088037848,3.0,1.9108920088037848,0.0,0.9319860828109086,14.0,4.0,8.0,0.0,6.321832184214145,6.261263381689787,Everton,ENG-Premier League,1.0,2324,2023.0,72.0,8476.0,35.0
Nayef Aguerd,,2.6550607399999633,613,21,0.004331257324632892,,,,,,,,,,,,,,,,,2324,,,,
Ben Gibson,,2.393677219999968,554,25,0.004320717003610051,,,,,,,,,,,,,,,,,2324,,,,
Ezri Konsa,,4.977949039999928,1154,35,0.0043136473483534905,,,,,,,,,,,,,,,,,2324,,,,
Illia Zabarnyi,D,5.049583859999931,1176,38,0.004293863826530553,3330.0,1.0,1.736923448741436,1.0,1.736923448741436,0.0,0.3827739413827657,8.0,7.0,5.0,0.0,9.300164757296445,9.114820940420032,Bournemouth,ENG-Premier League,1.0,2324,2023.0,73.0,11486.0,37.0
Dean Henderson,GK,0.713298739999994,167,23,0.004271249940119725,1620.0,0.0,0.0,0.0,0.0,0.0,0.0,0.0,0.0,2.0,0.0,1.232629640027881,1.232629640027881,Crystal Palace,ENG-Premier League,1.0,2324,2023.0,78.0,7702.0,18.0
Federico Fernandez,,2.6514678899999633,625,24,0.004242348623999941,,,,,,,,,,,,,,,,,2324,,,,
Sam Johnstone,GK,0.6372244799999941,151,20,0.004220029668874133,1800.0,0.0,0.0,0.0,0.0,0.0,0.0,0.0,0.0,1.0,0.0,1.9733385294675827,1.9733385294675827,Crystal Palace,ENG-Premier League,1.0,2324,2023.0,78.0,978.0,20.0
Adrian Mariappa,,1.5584950999999805,370,20,0.004212148918918866,,,,,,,,,,,,,,,,,2324,,,,
Ibrahima Konate,D S,3.647382649999949,868,21,0.004202053744239573,1555.0,0.0,0.5480835782364011,0.0,0.5480835782364011,0.0,0.5098369065672159,11.0,8.0,3.0,1.0,10.23207015544176,10.100398369133472,Liverpool,ENG-Premier League,1.0,2324,2023.0,87.0,6326.0,22.0
Manuel Akanji,D M S,5.225396339999926,1248,29,0.0041870162980768635,2517.0,2.0,2.200386293232441,2.0,2.200386293232441,0.0,0.5265345014631748,15.0,13.0,2.0,1.0,16.700940661132336,15.83909061923623,Manchester City,ENG-Premier League,1.0,2324,2023.0,88.0,6490.0,30.0
Cristian Romero,D,6.489718479999907,1565,33,0.004146784971245947,2796.0,5.0,3.9851038865745063,5.0,3.9851038865745063,0.0,0.3418706227093935,24.0,7.0,7.0,1.0,17.811701461672783,16.453976824879646,Tottenham,ENG-Premier League,1.0,2324,2023.0,82.0,7218.0,33.0
Neto,GK,2.0421180099999794,495,41,0.004125490929292887,2880.0,0.0,0.0,0.0,0.0,0.0,0.0,0.0,0.0,5.0,0.0,4.502189245074987,4.502189245074987,Bournemouth,ENG-Premier League,1.0,2324,2023.0,73.0,1297.0,32.0
Raphael Varane,D S,1.5981843599999743,389,20,0.0041084430848328385,1374.0,1.0,1.1560358591377735,1.0,1.1560358591377735,0.0,0.0810448750853538,8.0,1.0,2.0,0.0,4.322573345154524,3.4524471573531628,Manchester United,ENG-Premier League,1.0,2324,2023.0,89.0,2245.0,22.0
Lukasz Fabianski,GK S,1.3721267099999883,334,41,0.004108163802395174,706.0,0.0,0.0,0.0,0.0,0.0,0.0,0.0,0.0,0.0,0.0,0.3157586343586445,0.3157586343586445,West Ham,ENG-Premier League,1.0,2324,2023.0,81.0,706.0,10.0
Diego Carlos,D S,3.2614203599999483,796,27,0.004097261758793905,1784.0,0.0,1.8101312145590784,0.0,1.8101312145590784,0.0,0.1100177364423871,9.0,4.0,4.0,0.0,5.879810709506273,5.67356039211154,Aston Villa,ENG-Premier League,1.0,2324,2023.0,71.0,5712.0,27.0
Craig Dawson,D,2.516252819999961,619,25,0.004065028788368273,2214.0,1.0,1.357585897669196,1.0,1.357585897669196,1.0,1.350392846390605,16.0,9.0,7.0,0.0,4.3896971847862005,4.195270133204758,Wolves,ENG-Premier League,1.0,2324,2023.0,229.0,804.0,25.0
Alfie Mawson,,2.9806631799999566,743,33,0.0040116597308209375,,,,,,,,,,,,,,,,,2324,,,,
Ruben Dias,D S,6.437214389999898,1607,30,0.0040057339079028614,2552.0,0.0,1.828122090548277,0.0,1.828122090548277,0.0,0.600502266548574,20.0,7.0,0.0,0.0,16.81101167947054,16.458546616137028,Manchester City,ENG-Premier League,1.0,2324,2023.0,88.0,8961.0,30.0
Ethan Pinnock,D S,2.7196523499999556,689,29,0.003947245791001387,2521.0,2.0,3.382065122947097,2.0,3.382065122947097,0.0,0.5834191367030144,19.0,4.0,1.0,0.0,5.525476990267634,4.471973324194551,Brentford,ENG-Premier League,1.0,2324,2023.0,244.0,9678.0,29.0
Daniel Amartey,,2.7707794599999613,702,33,0.003946979287749233,,,,,,,,,,,,,,,,,2324,,,,
Nathan Ake,D S,7.951839409999878,2015,61,0.003946322287841131,2046.0,2.0,2.18010578583926,2.0,2.18010578583926,2.0,1.736834991723299,20.0,10.0,0.0,0.0,13.19555415958166,12.08234017342329,Manchester City,ENG-Premier League,1.0,2324,2023.0,88.0,579.0,29.0
Nathan Collins,D S,3.321394789999954,856,38,0.003880134100467236,2647.0,1.0,1.9630648605525491,1.0,1.9630648605525491,1.0,2.0567236468195915,10.0,11.0,3.0,0.0,7.091836112551391,4.629758290015161,Brentford,ENG-Premier League,1.0,2324,2023.0,244.0,9733.0,32.0
Jose Sa,GK,0.8030775999999896,207,35,0.0038796019323670996,3041.0,0.0,0.0,0.0,0.0,0.0,0.0,0.0,0.0,1.0,0.0,2.765407490544021,2.765407490544021,Wolves,ENG-Premier League,1.0,2324,2023.0,229.0,9740.0,35.0
Jan Bednarek,,3.0241239499999564,788,35,0.003837720748730909,,,,,,,,,,,,,,,,,2324,,,,
Virgil van Dijk,D,8.731983529999868,2291,51,0.003811428865124342,3177.0,2.0,3.299967482686043,2.0,3.299967482686043,2.0,1.8630620841868224,45.0,11.0,3.0,1.0,18.08503666892648,17.597938928753138,Liverpool,ENG-Premier League,1.0,2324,2023.0,87.0,833.0,36.0
Jan Paul van Hecke,D M S,5.5704841199999,1462,27,0.0038101806566346787,2365.0,0.0,1.5838892180472612,0.0,1.5838892180472612,0.0,0.4882163163274526,15.0,10.0,4.0,0.0,11.12253069318831,10.831943391822278,Brighton,ENG-Premier League,1.0,2324,2023.0,220.0,10807.0,28.0
Lewis Dunk,D,6.954659869999882,1826,33,0.003808685580503769,2895.0,3.0,2.9649088978767395,3.0,2.9649088978767395,1.0,1.1697372319176793,34.0,13.0,7.0,1.0,13.593212680891156,13.529502967372537,Brighton,ENG-Premier League,1.0,2324,2023.0,220.0,6048.0,33.0
Wes Morgan,,1.895898489999969,498,36,0.0038070250803212227,,,,,,,,,,,,,,,,,2324,,,,
Kasper Schmeichel,,2.031146649999978,536,59,0.0037894527052238394,,,,,,,,,,,,,,,,,2324,,,,
Maximilian Kilman,,4.59038637999993,1213,38,0.0037843251277822998,,,,,,,,,,,,,,,,,2324,,,,
Bruno Martins Indi,,1.3326381399999785,354,21,0.0037645145197739505,,,,,,,,,,,,,,,,,2324,,,,
Mark Flekken,GK,1.7176750999999788,461,37,0.0037259763557483273,3293.0,0.0,0.0,0.0,0.0,1.0,0.2911852374672889,0.0,3.0,3.0,0.0,4.7133525144308805,4.524704350158572,Brentford,ENG-Premier League,1.0,2324,2023.0,244.0,7047.0,37.0
Marc Guehi,D M S,2.6142596499999593,709,25,0.0036872491537376013,2021.0,0.0,0.4888940155506134,0.0,0.4888940155506134,1.0,0.962568361312151,5.0,7.0,2.0,0.0,6.667929092422128,6.454947093501687,Crystal Palace,ENG-Premier League,1.0,2324,2023.0,78.0,7603.0,25.0
Fraser Forster,,0.7625295799999928,208,32,0.003666007596153812,,,,,,,,,,,,,,,,,2324,,,,
Igor Julio,D S,3.2098588699999473,885,24,0.0036269591751411836,1640.0,0.0,0.2177427187561988,0.0,0.2177427187561988,0.0,0.623787728138268,5.0,7.0,4.0,0.0,10.448413725942371,10.266164284199476,Brighton,ENG-Premier League,1.0,2324,2023.0,220.0,7943.0,24.0
Artur Boruc,,0.584272389999994,162,20,0.0036066196913579875,,,,,,,,,,,,,,,,,2324,,,,
Tim Ream,D S,4.646768309999923,1291,37,0.0035993557784662457,1513.0,1.0,0.960849940776825,1.0,0.960849940776825,0.0,0.0,1.0,0.0,2.0,1.0,4.037653112784028,4.037653112784028,Fulham,ENG-Premier League,1.0,2324,2023.0,228.0,7184.0,18.0
Gabriel Magalhaes,,4.156422499999939,1175,36,0.003537380851063778,,,,,,,,,,,,,,,,,2324,,,,
Alex McCarthy,,0.9482831799999878,269,33,0.0035252162825278356,,,,,,,,,,,,,,,,,2324,,,,
David Raya,GK,1.5775619699999797,453,32,0.0034824767549668425,2880.0,0.0,0.0,0.0,0.0,0.0,0.0,0.0,0.0,2.0,0.0,7.517592098563909,7.517592098563909,Arsenal,ENG-Premier League,1.0,2324,2023.0,83.0,9676.0,32.0
Maya Yoshida,,2.2921901699999596,665,25,0.003446902511278135,,,,,,,,,,,,,,,,,2324,,,,
Moussa Niakhate,D S,1.5190975799999762,442,21,0.0034368723529411226,1446.0,1.0,1.166658602654934,1.0,1.166658602654934,0.0,0.0978621523827314,5.0,3.0,3.0,1.0,5.420620266348124,5.337864320725203,Nottingham Forest,ENG-Premier League,1.0,2324,2023.0,249.0,5989.0,21.0
Kurt Zouma,D S,2.4970245499999573,733,47,0.003406581923601579,2849.0,3.0,2.339608912356198,3.0,2.339608912356198,0.0,0.1828841548413038,16.0,4.0,3.0,0.0,3.844586410559714,3.714732094667852,West Ham,ENG-Premier League,1.0,2324,2023.0,81.0,935.0,33.0
Tosin Adarabioyo,D S,4.7243357599999145,1388,33,0.0034037001152737137,1618.0,2.0,0.9477480566129088,2.0,0.9477480566129088,0.0,0.1365393549203872,14.0,2.0,2.0,0.0,5.4755807258188725,5.466204304248095,Fulham,ENG-Premier League,1.0,2324,2023.0,228.0,5590.0,20.0
Andre Onana,GK,1.968246339999972,579,38,0.0033993891882555644,3420.0,0.0,0.0,0.0,0.0,0.0,0.1317380405962467,0.0,3.0,5.0,0.0,4.992942536249757,4.861204484477639,Manchester United,ENG-Premier League,1.0,2324,2023.0,89.0,10913.0,38.0
Christopher Schindler,,1.9412278199999642,581,27,0.003341183855421625,,,,,,,,,,,,,,,,,2324,,,,
Toti,D S,2.076250839999966,629,25,0.0033008757392686263,2789.0,1.0,1.6792987622320652,1.0,1.6792987622320652,3.0,1.210701234638691,10.0,6.0,7.0,0.0,5.863689404912293,5.540323508903384,Wolves,ENG-Premier League,1.0,2324,2023.0,229.0,10293.0,35.0
Caglar Soyuncu,,1.7932005999999696,549,21,0.003266303460837832,,,,,,,,,,,,,,,,,2324,,,,
Alphonse Areola,GK,0.9220595199999855,286,41,0.003223984335664285,2715.0,0.0,0.0,0.0,0.0,0.0,0.0,0.0,0.0,1.0,0.0,1.7693296167999506,1.7693296167999506,West Ham,ENG-Premier League,1.0,2324,2023.0,81.0,2310.0,31.0
Issa Diop,D S,3.7042605399999284,1151,24,0.003218297602085081,1435.0,0.0,0.2687341887503862,0.0,0.2687341887503862,0.0,0.0,5.0,0.0,2.0,1.0,2.9229609984904528,2.9229609984904528,Fulham,ENG-Premier League,1.0,2324,2023.0,228.0,3203.0,18.0
Calvin Bassey,D S,3.4946358899999352,1092,28,0.003200216016483457,2278.0,1.0,0.3684718329459429,1.0,0.3684718329459429,0.0,0.105975404381752,5.0,2.0,4.0,1.0,8.236559823155403,8.236559823155403,Fulham,ENG-Premier League,1.0,2324,2023.0,228.0,11728.0,29.0
Liam Cooper,,1.7748695399999677,562,21,0.003158130854092469,,,,,,,,,,,,,,,,,2324,,,,
Jonny Evans,D S,3.72744516999993,1183,45,0.0031508412256973204,1399.0,0.0,0.0817585885524749,0.0,0.0817585885524749,1.0,0.7122423723340034,1.0,6.0,2.0,0.0,3.112667176872492,3.084139473736286,Manchester United,ENG-Premier League,1.0,2324,2023.0,89.0,807.0,23.0
Thiago Silva,D S,4.490212729999911,1433,31,0.0031334352616887028,2530.0,3.0,0.7915211245417595,3.0,0.7915211245417595,1.0,1.4041369603946805,14.0,9.0,4.0,0.0,14.303374078124762,14.190275978296995,Chelsea,ENG-Premier League,1.0,2324,2023.0,80.0,3288.0,31.0
William Saliba,D,5.403528879999892,1742,38,0.0031019109529276073,3420.0,2.0,2.367191250436008,2.0,2.367191250436008,1.0,0.2489092536270618,10.0,6.0,4.0,0.0,16.631769336760044,16.434827260673046,Arsenal,ENG-Premier League,1.0,2324,2023.0,83.0,6888.0,38.0
Axel Disasi,D S,4.003457339999931,1301,31,0.0030772154803996397,2586.0,2.0,2.678889036178589,2.0,2.678889036178589,0.0,0.1950406357645988,16.0,3.0,6.0,0.0,14.653339916840196,14.106656992807984,Chelsea,ENG-Premier League,1.0,2324,2023.0,80.0,6885.0,31.0
Chris Richards,D M S,1.3354089099999757,439,24,0.0030419337357630426,2085.0,1.0,0.6396042630076408,1.0,0.6396042630076408,1.0,0.6775753749534488,11.0,6.0,3.0,0.0,5.3978734547272325,4.986880736425519,Crystal Palace,ENG-Premier League,1.0,2324,2023.0,78.0,8430.0,26.0
Asmir Begovic,,0.5409031199999946,188,24,0.0028771442553191203,,,,,,,,,,,,,,,,,2324,,,,
Micky van de Ven,D,3.0190524399999448,1056,27,0.002858951174242372,2345.0,3.0,0.9709036685526372,3.0,0.9709036685526372,0.0,0.0354084856808185,8.0,1.0,5.0,0.0,10.605861792340876,10.423011044040322,Tottenham,ENG-Premier League,1.0,2324,2023.0,82.0,10050.0,27.0
James Trafford,GK,2.050452279999958,731,28,0.0028049962790697098,2520.0,0.0,0.0,0.0,0.0,0.0,0.0,0.0,0.0,2.0,0.0,2.3824947578832507,2.3824947578832507,Burnley,ENG-Premier League,1.0,2324,2023.0,92.0,9077.0,28.0
Emiliano Martinez,GK,1.2937497499999757,472,34,0.002740995233050796,3022.0,0.0,0.0,0.0,0.0,0.0,0.0184545237571001,0.0,1.0,4.0,0.0,9.158851562067866,9.140397010371087,Aston Villa,ENG-Premier League,1.0,2324,2023.0,71.0,4401.0,34.0
Illan Meslier,,0.5923724999999886,218,29,0.0027173050458715077,,,,,,,,,,,,,,,,,2324,,,,
Bernd Leno,GK,1.8837115999999587,738,48,0.0025524547425473695,3420.0,0.0,0.0,0.0,0.0,0.0,0.0,0.0,0.0,3.0,0.0,4.714530278928578,4.714530278928578,Fulham,ENG-Premier League,1.0,2324,2023.0,228.0,181.0,38.0
Ederson,GK,1.6175556499999713,637,33,0.002539333830455214,2794.0,0.0,0.0,0.0,0.0,0.0,0.0,0.0,0.0,5.0,0.0,8.03402054309845,8.03402054309845,Manchester City,ENG-Premier League,1.0,2324,2023.0,88.0,6054.0,33.0
Martin Dubravka,GK S,0.3934501799999922,167,22,0.0023559891017963606,1983.0,0.0,0.0,0.0,0.0,0.0,0.1200264021754264,0.0,1.0,1.0,0.0,3.5433348193764687,3.4233084097504616,Newcastle,ENG-Premier League,1.0,2324,2023.0,86.0,6532.0,23.0
Djordje Petrovic,GK S,0.4870453599999905,220,23,0.002213842545454502,1982.0,0.0,0.0,0.0,0.0,0.0,0.0,0.0,0.0,2.0,0.0,3.312307056039572,3.312307056039572,Chelsea,ENG-Premier League,1.0,2324,2023.0,80.0,12032.0,23.0
Alisson Becker,GK,1.1491873199999674,561,28,0.002048462245989247,2520.0,0.0,0.0,0.0,0.0,0.0,0.0,0.0,0.0,1.0,0.0,8.493492092937231,8.493492092937231,Liverpool,ENG-Premier League,1.0,2324,2023.0,87.0,1257.0,28.0
Bart Verbruggen,GK,0.8967095199999813,446,21,0.002010559461883366,1890.0,0.0,0.0,0.0,0.0,0.0,0.0,0.0,0.0,3.0,0.0,3.662125539034605,3.662125539034605,Brighton,ENG-Premier League,1.0,2324,2023.0,220.0,11711.0,21.0
Guglielmo Vicario,GK,1.116829259999965,618,38,0.0018071670873785841,3420.0,0.0,0.0,0.0,0.0,0.0,0.0,0.0,0.0,2.0,0.0,6.606127485632896,6.606127485632896,Tottenham,ENG-Premier League,1.0,2324,2023.0,82.0,8858.0,38.0
